YBFMP,Date,Time,Station Code,Use sample code from FLIMS/WDL to connect field data and lab data,,,,,E&L.COUNT,Total Length,Fork Length,LIFE,Larval Life Stage
Measuring program short name,Sampling Event Date,Sampling Event Time,Sampling Area Number,Sampling Event Number,Sample ID,Observation Type Short Name,Attribute,Observable,Value,Value,Value,Value,
,"mm/dd/yyyy 2 digits per month, day",hh:mm (PST),,WDL_SAM code,sample_id,,,,Put the total count for each species here even if the measurement only applies to 1,,blank,"(L, YSL)","If L, L-Preflex, L-Postflex, L-Flexion, or L-Preflex/Flexion"
YBFMP,04/22/2019,09:58,STTD,ES0419B0089,20190422_0958_STTD_ICH,ICH,Ichthyoplankton,Percina macrolepida,1,,4,YSL,
YBFMP,05/06/2019,09:56,STTD,ES0519B0097,20190506_0956_STTD_ICH,ICH,Ichthyoplankton,Cyprinidae,3,,25,J,
YBFMP,05/06/2019,09:56,STTD,ES0519B0097,20190506_0956_STTD_ICH,ICH,Ichthyoplankton,Cyprinidae,3,,23,J,
YBFMP,05/06/2019,09:56,STTD,ES0519B0097,20190506_0956_STTD_ICH,ICH,Ichthyoplankton,Cyprinidae,3,,30,J,
YBFMP,05/06/2019,09:56,STTD,ES0519B0097,20190506_0956_STTD_ICH,ICH,Ichthyoplankton,Menidia beryllina,2,,5,L,L-Preflexion
YBFMP,05/06/2019,09:56,STTD,ES0519B0097,20190506_0956_STTD_ICH,ICH,Ichthyoplankton,Menidia beryllina,2,,5,L,L-Preflexion
YBFMP,05/06/2019,09:56,STTD,ES0519B0097,20190506_0956_STTD_ICH,ICH,Ichthyoplankton,Cottus asper,3,,5,L,L-Preflexion
YBFMP,05/06/2019,09:56,STTD,ES0519B0097,20190506_0956_STTD_ICH,ICH,Ichthyoplankton,Cottus asper,3,,5.5,L,L-Preflexion
YBFMP,05/06/2019,09:56,STTD,ES0519B0097,20190506_0956_STTD_ICH,ICH,Ichthyoplankton,Cottus asper,3,,4,L,L-Preflexion
YBFMP,05/06/2019,09:56,STTD,ES0519B0097,20190506_0956_STTD_ICH,ICH,Ichthyoplankton,Pomoxis sp.,1,,5,L,L-Preflexion
YBFMP,05/20/2019,10:10,STTD,ES0519B0105,20190520_1010_STTD_ICH,ICH,Ichthyoplankton,Cyprinidae,1,,30,J,
YBFMP,05/20/2019,10:10,STTD,ES0519B0105,20190520_1010_STTD_ICH,ICH,Ichthyoplankton,Menidia beryllina,2,,5,L,L-Preflexion
YBFMP,05/20/2019,10:10,STTD,ES0519B0105,20190520_1010_STTD_ICH,ICH,Ichthyoplankton,Menidia beryllina,2,,5,L,L-Preflexion
YBFMP,06/03/2019,09:22,STTD,ES0619B0113,20190603_0922_STTD_ICH,ICH,Ichthyoplankton,Dorosoma petenense,61,,4.5,L,L-Preflexion
YBFMP,06/03/2019,09:22,STTD,ES0619B0113,20190603_0922_STTD_ICH,ICH,Ichthyoplankton,Dorosoma petenense,61,,4.5,L,L-Preflexion
YBFMP,06/03/2019,09:22,STTD,ES0619B0113,20190603_0922_STTD_ICH,ICH,Ichthyoplankton,Dorosoma petenense,61,,4.5,L,L-Preflexion
YBFMP,06/03/2019,09:22,STTD,ES0619B0113,20190603_0922_STTD_ICH,ICH,Ichthyoplankton,Dorosoma petenense,61,,4.5,L,L-Preflexion
YBFMP,06/03/2019,09:22,STTD,ES0619B0113,20190603_0922_STTD_ICH,ICH,Ichthyoplankton,Dorosoma petenense,61,,4.5,L,L-Preflexion
YBFMP,06/03/2019,09:22,STTD,ES0619B0113,20190603_0922_STTD_ICH,ICH,Ichthyoplankton,Dorosoma petenense,61,,4.5,L,L-Preflexion
YBFMP,06/03/2019,09:22,STTD,ES0619B0113,20190603_0922_STTD_ICH,ICH,Ichthyoplankton,Dorosoma petenense,61,,5,L,L-Preflexion
YBFMP,06/03/2019,09:22,STTD,ES0619B0113,20190603_0922_STTD_ICH,ICH,Ichthyoplankton,Dorosoma petenense,61,,5,L,L-Preflexion
YBFMP,06/03/2019,09:22,STTD,ES0619B0113,20190603_0922_STTD_ICH,ICH,Ichthyoplankton,Dorosoma petenense,61,,5,L,L-Preflexion
YBFMP,06/03/2019,09:22,STTD,ES0619B0113,20190603_0922_STTD_ICH,ICH,Ichthyoplankton,Dorosoma petenense,61,,5,L,L-Preflexion
YBFMP,06/03/2019,09:22,STTD,ES0619B0113,20190603_0922_STTD_ICH,ICH,Ichthyoplankton,Dorosoma petenense,61,,5,L,L-Preflexion
YBFMP,06/03/2019,09:22,STTD,ES0619B0113,20190603_0922_STTD_ICH,ICH,Ichthyoplankton,Dorosoma petenense,61,,5,L,L-Preflexion
YBFMP,06/03/2019,09:22,STTD,ES0619B0113,20190603_0922_STTD_ICH,ICH,Ichthyoplankton,Dorosoma petenense,61,,5,L,L-Preflexion
YBFMP,06/03/2019,09:22,STTD,ES0619B0113,20190603_0922_STTD_ICH,ICH,Ichthyoplankton,Dorosoma petenense,61,,5,L,L-Preflexion
YBFMP,06/03/2019,09:22,STTD,ES0619B0113,20190603_0922_STTD_ICH,ICH,Ichthyoplankton,Dorosoma petenense,61,,5,L,L-Preflexion
YBFMP,06/03/2019,09:22,STTD,ES0619B0113,20190603_0922_STTD_ICH,ICH,Ichthyoplankton,Dorosoma petenense,61,,5,L,L-Preflexion
YBFMP,06/03/2019,09:22,STTD,ES0619B0113,20190603_0922_STTD_ICH,ICH,Ichthyoplankton,Dorosoma petenense,61,,5,L,L-Preflexion
YBFMP,06/03/2019,09:22,STTD,ES0619B0113,20190603_0922_STTD_ICH,ICH,Ichthyoplankton,Dorosoma petenense,61,,5,L,L-Preflexion
YBFMP,06/03/2019,09:22,STTD,ES0619B0113,20190603_0922_STTD_ICH,ICH,Ichthyoplankton,Dorosoma petenense,61,,5,L,L-Preflexion
YBFMP,06/03/2019,09:22,STTD,ES0619B0113,20190603_0922_STTD_ICH,ICH,Ichthyoplankton,Dorosoma petenense,61,,5,L,L-Preflexion
YBFMP,06/03/2019,09:22,STTD,ES0619B0113,20190603_0922_STTD_ICH,ICH,Ichthyoplankton,Dorosoma petenense,61,,5,L,L-Preflexion
YBFMP,06/03/2019,09:22,STTD,ES0619B0113,20190603_0922_STTD_ICH,ICH,Ichthyoplankton,Dorosoma petenense,61,,5,L,L-Preflexion
YBFMP,06/03/2019,09:22,STTD,ES0619B0113,20190603_0922_STTD_ICH,ICH,Ichthyoplankton,Dorosoma petenense,61,,5.5,L,L-Preflexion
YBFMP,06/03/2019,09:22,STTD,ES0619B0113,20190603_0922_STTD_ICH,ICH,Ichthyoplankton,Dorosoma petenense,61,,5.5,L,L-Preflexion
YBFMP,06/03/2019,09:22,STTD,ES0619B0113,20190603_0922_STTD_ICH,ICH,Ichthyoplankton,Dorosoma petenense,61,,5.5,L,L-Preflexion
YBFMP,06/03/2019,09:22,STTD,ES0619B0113,20190603_0922_STTD_ICH,ICH,Ichthyoplankton,Dorosoma petenense,61,,5.5,L,L-Preflexion
YBFMP,06/03/2019,09:22,STTD,ES0619B0113,20190603_0922_STTD_ICH,ICH,Ichthyoplankton,Dorosoma petenense,61,,5.5,L,L-Preflexion
YBFMP,06/03/2019,09:22,STTD,ES0619B0113,20190603_0922_STTD_ICH,ICH,Ichthyoplankton,Dorosoma petenense,61,,5.5,L,L-Preflexion
YBFMP,06/03/2019,09:22,STTD,ES0619B0113,20190603_0922_STTD_ICH,ICH,Ichthyoplankton,Dorosoma petenense,61,,6,L,L-Preflexion
YBFMP,06/03/2019,09:22,STTD,ES0619B0113,20190603_0922_STTD_ICH,ICH,Ichthyoplankton,Dorosoma petenense,61,,6,L,L-Preflexion
YBFMP,06/17/2019,10:15,STTD,ES0619B0121,20190617_1015_STTD_ICH,ICH,Ichthyoplankton,Alosa sapidissima,1,,21,L,L-PostFlexion
YBFMP,06/17/2019,10:15,STTD,ES0619B0121,20190617_1015_STTD_ICH,ICH,Ichthyoplankton,Alosa sapidissima,6,,18.5,L,L-PostFlexion
YBFMP,06/17/2019,10:15,STTD,ES0619B0121,20190617_1015_STTD_ICH,ICH,Ichthyoplankton,Alosa sapidissima,6,,18.5,L,L-PostFlexion
YBFMP,06/17/2019,10:15,STTD,ES0619B0121,20190617_1015_STTD_ICH,ICH,Ichthyoplankton,Alosa sapidissima,6,,17,L,L-PostFlexion
YBFMP,06/17/2019,10:15,STTD,ES0619B0121,20190617_1015_STTD_ICH,ICH,Ichthyoplankton,Alosa sapidissima,6,,12,L,L-PostFlexion
YBFMP,06/17/2019,10:15,STTD,ES0619B0121,20190617_1015_STTD_ICH,ICH,Ichthyoplankton,Alosa sapidissima,6,,11.5,L,L-PostFlexion
YBFMP,06/17/2019,10:15,STTD,ES0619B0121,20190617_1015_STTD_ICH,ICH,Ichthyoplankton,Alosa sapidissima,6,,11,L,L-PostFlexion
YBFMP,06/17/2019,10:15,STTD,ES0619B0121,20190617_1015_STTD_ICH,ICH,Ichthyoplankton,Alosa sapidissima,4,,9,L,L-Preflexion
YBFMP,06/17/2019,10:15,STTD,ES0619B0121,20190617_1015_STTD_ICH,ICH,Ichthyoplankton,Alosa sapidissima,4,,7.5,L,L-Preflexion
YBFMP,06/17/2019,10:15,STTD,ES0619B0121,20190617_1015_STTD_ICH,ICH,Ichthyoplankton,Alosa sapidissima,4,,9,L,L-Preflexion
YBFMP,06/17/2019,10:15,STTD,ES0619B0121,20190617_1015_STTD_ICH,ICH,Ichthyoplankton,Alosa sapidissima,4,,7,L,L-Preflexion
YBFMP,06/17/2019,10:15,STTD,ES0619B0121,20190617_1015_STTD_ICH,ICH,Ichthyoplankton,Dorosoma petenense,2,,6,L,L-Preflexion
YBFMP,06/17/2019,10:15,STTD,ES0619B0121,20190617_1015_STTD_ICH,ICH,Ichthyoplankton,Dorosoma petenense,2,,5,L,L-Preflexion
YBFMP,07/01/2019,09:27,STTD,ES0719B0129,20190701_0927_STTD_ICH,ICH,Ichthyoplankton,Alosa sapidissima,1,,17.5,L,L-Flexion
YBFMP,07/01/2019,09:27,STTD,ES0719B0129,20190701_0927_STTD_ICH,ICH,Ichthyoplankton,Alosa sapidissima,1,,11,L,L-Preflexion
YBFMP,07/01/2019,09:27,STTD,ES0719B0129,20190701_0927_STTD_ICH,ICH,Ichthyoplankton,Dorosoma petenense,4,,4.5,L,L-Preflexion
YBFMP,07/01/2019,09:27,STTD,ES0719B0129,20190701_0927_STTD_ICH,ICH,Ichthyoplankton,Dorosoma petenense,4,,5,L,L-Preflexion
YBFMP,07/01/2019,09:27,STTD,ES0719B0129,20190701_0927_STTD_ICH,ICH,Ichthyoplankton,Dorosoma petenense,4,,5.5,L,L-Preflexion
YBFMP,07/01/2019,09:27,STTD,ES0719B0129,20190701_0927_STTD_ICH,ICH,Ichthyoplankton,Dorosoma petenense,4,,6,L,L-Preflexion
YBFMP,07/15/2019,09:23,STTD,ES0719B0137,20190715_0923_STTD_ICH,ICH,Ichthyoplankton,Alosa sapidissima,1,,10.5,L,L-Preflexion
YBFMP,07/15/2019,09:23,STTD,ES0719B0137,20190715_0923_STTD_ICH,ICH,Ichthyoplankton,Dorosoma petenense,3,,4.5,L,L-Preflexion
YBFMP,07/15/2019,09:23,STTD,ES0719B0137,20190715_0923_STTD_ICH,ICH,Ichthyoplankton,Dorosoma petenense,3,,5,L,L-Preflexion
YBFMP,07/15/2019,09:23,STTD,ES0719B0137,20190715_0923_STTD_ICH,ICH,Ichthyoplankton,Dorosoma petenense,3,,5,L,L-Preflexion
YBFMP,01/27/2020,09:41,STTD,ES0120B0009,20190127_0941_STTD_ICH,ICH,Ichthyoplankton,Cottus asper,11,,5.5,L,L-Preflexion
YBFMP,01/27/2020,09:41,STTD,ES0120B0009,20190127_0941_STTD_ICH,ICH,Ichthyoplankton,Cottus asper,11,,5.5,L,L-Preflexion
YBFMP,01/27/2020,09:41,STTD,ES0120B0009,20190127_0941_STTD_ICH,ICH,Ichthyoplankton,Cottus asper,11,,5.5,L,L-Preflexion
YBFMP,01/27/2020,09:41,STTD,ES0120B0009,20190127_0941_STTD_ICH,ICH,Ichthyoplankton,Cottus asper,11,,5.5,L,L-Preflexion
YBFMP,01/27/2020,09:41,STTD,ES0120B0009,20190127_0941_STTD_ICH,ICH,Ichthyoplankton,Cottus asper,11,,5.5,L,L-Preflexion
YBFMP,01/27/2020,09:41,STTD,ES0120B0009,20190127_0941_STTD_ICH,ICH,Ichthyoplankton,Cottus asper,11,,5.5,L,L-Preflexion
YBFMP,01/27/2020,09:41,STTD,ES0120B0009,20190127_0941_STTD_ICH,ICH,Ichthyoplankton,Cottus asper,11,,5.5,L,L-Preflexion
YBFMP,01/27/2020,09:41,STTD,ES0120B0009,20190127_0941_STTD_ICH,ICH,Ichthyoplankton,Cottus asper,11,,6,L,L-Preflexion
YBFMP,01/27/2020,09:41,STTD,ES0120B0009,20190127_0941_STTD_ICH,ICH,Ichthyoplankton,Cottus asper,11,,6,L,L-Preflexion
YBFMP,01/27/2020,09:41,STTD,ES0120B0009,20190127_0941_STTD_ICH,ICH,Ichthyoplankton,Cottus asper,11,,6,L,L-Preflexion
YBFMP,01/27/2020,09:41,STTD,ES0120B0009,20190127_0941_STTD_ICH,ICH,Ichthyoplankton,Cottus asper,11,,6,L,L-Preflexion
YBFMP,02/24/2020,09:47,STTD,ES0220B0025,20190224_0947_STTD_ICH,ICH,Ichthyoplankton,Cottus asper,1,,6,L,L-Preflexion
YBFMP,04/27/2021,09:33,STTD,ES0421B0035,20190427_0933_STTD_ICH,ICH,Ichthyoplankton,Dorosoma petenense,6,,4,YSL,
YBFMP,04/27/2021,09:33,STTD,ES0421B0035,20190427_0933_STTD_ICH,ICH,Ichthyoplankton,Dorosoma petenense,6,,4,YSL,
YBFMP,04/27/2021,09:33,STTD,ES0421B0035,20190427_0933_STTD_ICH,ICH,Ichthyoplankton,Dorosoma petenense,6,,4,YSL,
YBFMP,04/27/2021,09:33,STTD,ES0421B0035,20190427_0933_STTD_ICH,ICH,Ichthyoplankton,Dorosoma petenense,6,,4,YSL,
YBFMP,04/27/2021,09:33,STTD,ES0421B0035,20190427_0933_STTD_ICH,ICH,Ichthyoplankton,Dorosoma petenense,6,,4,YSL,
YBFMP,04/27/2021,09:33,STTD,ES0421B0035,20190427_0933_STTD_ICH,ICH,Ichthyoplankton,Dorosoma petenense,6,,4,YSL,
YBFMP,04/27/2021,09:33,STTD,ES0421B0035,20190427_0933_STTD_ICH,ICH,Ichthyoplankton,Cottus asper,21,,4,YSL,
YBFMP,04/27/2021,09:33,STTD,ES0421B0035,20190427_0933_STTD_ICH,ICH,Ichthyoplankton,Cottus asper,21,,4,YSL,
YBFMP,04/27/2021,09:33,STTD,ES0421B0035,20190427_0933_STTD_ICH,ICH,Ichthyoplankton,Cottus asper,21,,5,YSL,
YBFMP,04/27/2021,09:33,STTD,ES0421B0035,20190427_0933_STTD_ICH,ICH,Ichthyoplankton,Cottus asper,21,,4.5,YSL,
YBFMP,04/27/2021,09:33,STTD,ES0421B0035,20190427_0933_STTD_ICH,ICH,Ichthyoplankton,Cottus asper,21,,4,YSL,
YBFMP,04/27/2021,09:33,STTD,ES0421B0035,20190427_0933_STTD_ICH,ICH,Ichthyoplankton,Cottus asper,21,,4.5,YSL,
YBFMP,04/27/2021,09:33,STTD,ES0421B0035,20190427_0933_STTD_ICH,ICH,Ichthyoplankton,Cottus asper,21,,5,YSL,
YBFMP,04/27/2021,09:33,STTD,ES0421B0035,20190427_0933_STTD_ICH,ICH,Ichthyoplankton,Cottus asper,21,,5,YSL,
YBFMP,04/27/2021,09:33,STTD,ES0421B0035,20190427_0933_STTD_ICH,ICH,Ichthyoplankton,Cottus asper,21,,5,YSL,
YBFMP,04/27/2021,09:33,STTD,ES0421B0035,20190427_0933_STTD_ICH,ICH,Ichthyoplankton,Cottus asper,21,,4,YSL,
YBFMP,04/27/2021,09:33,STTD,ES0421B0035,20190427_0933_STTD_ICH,ICH,Ichthyoplankton,Cottus asper,21,,5,YSL,
YBFMP,04/27/2021,09:33,STTD,ES0421B0035,20190427_0933_STTD_ICH,ICH,Ichthyoplankton,Cottus asper,21,,3,YSL,
YBFMP,04/27/2021,09:33,STTD,ES0421B0035,20190427_0933_STTD_ICH,ICH,Ichthyoplankton,Cottus asper,21,,4.5,YSL,
YBFMP,04/27/2021,09:33,STTD,ES0421B0035,20190427_0933_STTD_ICH,ICH,Ichthyoplankton,Cottus asper,21,,5.5,YSL,
YBFMP,04/27/2021,09:33,STTD,ES0421B0035,20190427_0933_STTD_ICH,ICH,Ichthyoplankton,Cottus asper,21,,5.5,YSL,
YBFMP,04/27/2021,09:33,STTD,ES0421B0035,20190427_0933_STTD_ICH,ICH,Ichthyoplankton,Cottus asper,21,,4.5,YSL,
YBFMP,04/27/2021,09:33,STTD,ES0421B0035,20190427_0933_STTD_ICH,ICH,Ichthyoplankton,Cottus asper,21,,4.5,YSL,
YBFMP,04/27/2021,09:33,STTD,ES0421B0035,20190427_0933_STTD_ICH,ICH,Ichthyoplankton,Cottus asper,21,,4.5,YSL,
YBFMP,04/27/2021,09:33,STTD,ES0421B0035,20190427_0933_STTD_ICH,ICH,Ichthyoplankton,Cottus asper,21,,3.5,YSL,
YBFMP,04/27/2021,09:33,STTD,ES0421B0035,20190427_0933_STTD_ICH,ICH,Ichthyoplankton,Cottus asper,21,,5,YSL,
YBFMP,04/27/2021,09:33,STTD,ES0421B0035,20190427_0933_STTD_ICH,ICH,Ichthyoplankton,Cottus asper,21,,4,YSL,
YBFMP,04/27/2021,09:33,STTD,ES0421B0035,20190427_0933_STTD_ICH,ICH,Ichthyoplankton,Cyprinidae,1,,6.5,NA,
YBFMP,04/27/2021,09:33,STTD,ES0421B0035,20190427_0933_STTD_ICH,ICH,Ichthyoplankton,Menidia sp.,12,,4.5,YSL,
YBFMP,04/27/2021,09:33,STTD,ES0421B0035,20190427_0933_STTD_ICH,ICH,Ichthyoplankton,Menidia sp.,12,,4.5,YSL,
YBFMP,04/27/2021,09:33,STTD,ES0421B0035,20190427_0933_STTD_ICH,ICH,Ichthyoplankton,Menidia sp.,12,,4,YSL,
YBFMP,04/27/2021,09:33,STTD,ES0421B0035,20190427_0933_STTD_ICH,ICH,Ichthyoplankton,Menidia sp.,12,,4,YSL,
YBFMP,04/27/2021,09:33,STTD,ES0421B0035,20190427_0933_STTD_ICH,ICH,Ichthyoplankton,Menidia sp.,12,,4,YSL,
YBFMP,04/27/2021,09:33,STTD,ES0421B0035,20190427_0933_STTD_ICH,ICH,Ichthyoplankton,Menidia sp.,12,,4.5,YSL,
YBFMP,04/27/2021,09:33,STTD,ES0421B0035,20190427_0933_STTD_ICH,ICH,Ichthyoplankton,Menidia sp.,12,,4.5,YSL,
YBFMP,04/27/2021,09:33,STTD,ES0421B0035,20190427_0933_STTD_ICH,ICH,Ichthyoplankton,Menidia sp.,12,,4,YSL,
YBFMP,04/27/2021,09:33,STTD,ES0421B0035,20190427_0933_STTD_ICH,ICH,Ichthyoplankton,Menidia sp.,12,,4.5,YSL,
YBFMP,04/27/2021,09:33,STTD,ES0421B0035,20190427_0933_STTD_ICH,ICH,Ichthyoplankton,Menidia sp.,12,,4.5,YSL,
YBFMP,04/27/2021,09:33,STTD,ES0421B0035,20190427_0933_STTD_ICH,ICH,Ichthyoplankton,Menidia sp.,12,,4,YSL,
YBFMP,04/27/2021,09:33,STTD,ES0421B0035,20190427_0933_STTD_ICH,ICH,Ichthyoplankton,Menidia sp.,12,,N/A,YSL,
YBFMP,05/11/2021,09:31,STTD,ES0521B0060,20190511_0931_STTD_ICH,ICH,Ichthyoplankton,Menidia sp.,39,,4,YSL,
YBFMP,05/11/2021,09:31,STTD,ES0521B0060,20190511_0931_STTD_ICH,ICH,Ichthyoplankton,Menidia sp.,39,,4,YSL,
YBFMP,05/11/2021,09:31,STTD,ES0521B0060,20190511_0931_STTD_ICH,ICH,Ichthyoplankton,Menidia sp.,39,,4.5,YSL,
YBFMP,05/11/2021,09:31,STTD,ES0521B0060,20190511_0931_STTD_ICH,ICH,Ichthyoplankton,Menidia sp.,39,,4,YSL,
YBFMP,05/11/2021,09:31,STTD,ES0521B0060,20190511_0931_STTD_ICH,ICH,Ichthyoplankton,Menidia sp.,39,,4,YSL,
YBFMP,05/11/2021,09:31,STTD,ES0521B0060,20190511_0931_STTD_ICH,ICH,Ichthyoplankton,Menidia sp.,39,,4.5,YSL,
YBFMP,05/11/2021,09:31,STTD,ES0521B0060,20190511_0931_STTD_ICH,ICH,Ichthyoplankton,Menidia sp.,39,,5,YSL,
YBFMP,05/11/2021,09:31,STTD,ES0521B0060,20190511_0931_STTD_ICH,ICH,Ichthyoplankton,Menidia sp.,39,,5.5,YSL,
YBFMP,05/11/2021,09:31,STTD,ES0521B0060,20190511_0931_STTD_ICH,ICH,Ichthyoplankton,Menidia sp.,39,,4,YSL,
YBFMP,05/11/2021,09:31,STTD,ES0521B0060,20190511_0931_STTD_ICH,ICH,Ichthyoplankton,Menidia sp.,39,,4.5,YSL,
YBFMP,05/11/2021,09:31,STTD,ES0521B0060,20190511_0931_STTD_ICH,ICH,Ichthyoplankton,Menidia sp.,39,,4,YSL,
YBFMP,05/11/2021,09:31,STTD,ES0521B0060,20190511_0931_STTD_ICH,ICH,Ichthyoplankton,Menidia sp.,39,,4.5,YSL,
YBFMP,05/11/2021,09:31,STTD,ES0521B0060,20190511_0931_STTD_ICH,ICH,Ichthyoplankton,Menidia sp.,39,,4,YSL,
YBFMP,05/11/2021,09:31,STTD,ES0521B0060,20190511_0931_STTD_ICH,ICH,Ichthyoplankton,Menidia sp.,39,,4,YSL,
YBFMP,05/11/2021,09:31,STTD,ES0521B0060,20190511_0931_STTD_ICH,ICH,Ichthyoplankton,Menidia sp.,39,,4,YSL,
YBFMP,05/11/2021,09:31,STTD,ES0521B0060,20190511_0931_STTD_ICH,ICH,Ichthyoplankton,Menidia sp.,39,,4.5,YSL,
YBFMP,05/11/2021,09:31,STTD,ES0521B0060,20190511_0931_STTD_ICH,ICH,Ichthyoplankton,Menidia sp.,39,,4,YSL,
YBFMP,05/11/2021,09:31,STTD,ES0521B0060,20190511_0931_STTD_ICH,ICH,Ichthyoplankton,Menidia sp.,39,,4,YSL,
YBFMP,05/11/2021,09:31,STTD,ES0521B0060,20190511_0931_STTD_ICH,ICH,Ichthyoplankton,Menidia sp.,39,,4.5,YSL,
YBFMP,05/11/2021,09:31,STTD,ES0521B0060,20190511_0931_STTD_ICH,ICH,Ichthyoplankton,Menidia sp.,39,,4,YSL,
YBFMP,05/11/2021,09:31,STTD,ES0521B0060,20190511_0931_STTD_ICH,ICH,Ichthyoplankton,Menidia sp.,39,,4,YSL,
YBFMP,05/11/2021,09:31,STTD,ES0521B0060,20190511_0931_STTD_ICH,ICH,Ichthyoplankton,Menidia sp.,39,,4.5,YSL,
YBFMP,05/11/2021,09:31,STTD,ES0521B0060,20190511_0931_STTD_ICH,ICH,Ichthyoplankton,Menidia sp.,39,,4.5,YSL,
YBFMP,05/11/2021,09:31,STTD,ES0521B0060,20190511_0931_STTD_ICH,ICH,Ichthyoplankton,Menidia sp.,39,,4.5,YSL,
YBFMP,05/11/2021,09:31,STTD,ES0521B0060,20190511_0931_STTD_ICH,ICH,Ichthyoplankton,Menidia sp.,39,,4,YSL,
YBFMP,05/11/2021,09:31,STTD,ES0521B0060,20190511_0931_STTD_ICH,ICH,Ichthyoplankton,Menidia sp.,39,,4,YSL,
YBFMP,05/11/2021,09:31,STTD,ES0521B0060,20190511_0931_STTD_ICH,ICH,Ichthyoplankton,Menidia sp.,39,,4,YSL,
YBFMP,05/11/2021,09:31,STTD,ES0521B0060,20190511_0931_STTD_ICH,ICH,Ichthyoplankton,Menidia sp.,39,,4.5,YSL,
YBFMP,05/11/2021,09:31,STTD,ES0521B0060,20190511_0931_STTD_ICH,ICH,Ichthyoplankton,Menidia sp.,39,,4,YSL,
YBFMP,05/11/2021,09:31,STTD,ES0521B0060,20190511_0931_STTD_ICH,ICH,Ichthyoplankton,Menidia sp.,39,,4.5,YSL,
YBFMP,05/11/2021,09:31,STTD,ES0521B0060,20190511_0931_STTD_ICH,ICH,Ichthyoplankton,Cottus asper,6,,6,YSL,
YBFMP,05/11/2021,09:31,STTD,ES0521B0060,20190511_0931_STTD_ICH,ICH,Ichthyoplankton,Cottus asper,6,,4,YSL,
YBFMP,05/11/2021,09:31,STTD,ES0521B0060,20190511_0931_STTD_ICH,ICH,Ichthyoplankton,Cottus asper,6,,4,YSL,
YBFMP,05/11/2021,09:31,STTD,ES0521B0060,20190511_0931_STTD_ICH,ICH,Ichthyoplankton,Cottus asper,6,,5.5,YSL,
YBFMP,05/11/2021,09:31,STTD,ES0521B0060,20190511_0931_STTD_ICH,ICH,Ichthyoplankton,Cottus asper,6,,6,YSL,
YBFMP,05/11/2021,09:31,STTD,ES0521B0060,20190511_0931_STTD_ICH,ICH,Ichthyoplankton,Cottus asper,6,,5,YSL,
YBFMP,05/25/2021,09:16,STTD,ES0521B0068,20190525_0916_STTD_ICH,ICH,Ichthyoplankton,Menidia sp.,8,,3.5,YSL,
YBFMP,05/25/2021,09:16,STTD,ES0521B0068,20190525_0916_STTD_ICH,ICH,Ichthyoplankton,Menidia sp.,8,,3.5,YSL,
YBFMP,05/25/2021,09:16,STTD,ES0521B0068,20190525_0916_STTD_ICH,ICH,Ichthyoplankton,Menidia sp.,8,,4,YSL,
YBFMP,05/25/2021,09:16,STTD,ES0521B0068,20190525_0916_STTD_ICH,ICH,Ichthyoplankton,Menidia sp.,8,,4.5,YSL,
YBFMP,05/25/2021,09:16,STTD,ES0521B0068,20190525_0916_STTD_ICH,ICH,Ichthyoplankton,Menidia sp.,8,,5,YSL,
YBFMP,05/25/2021,09:16,STTD,ES0521B0068,20190525_0916_STTD_ICH,ICH,Ichthyoplankton,Menidia sp.,8,,4.5,YSL,
YBFMP,05/25/2021,09:16,STTD,ES0521B0068,20190525_0916_STTD_ICH,ICH,Ichthyoplankton,Menidia sp.,8,,4,YSL,
YBFMP,05/25/2021,09:16,STTD,ES0521B0068,20190525_0916_STTD_ICH,ICH,Ichthyoplankton,Menidia sp.,8,,4,YSL,
YBFMP,06/09/2021,09:37,STTD,ES0621B0084,20190609_0937_STTD_ICH,ICH,Ichthyoplankton,Lucania parva,1,,5,YSL,
YBFMP,06/09/2021,09:37,STTD,ES0621B0084,20190609_0937_STTD_ICH,ICH,Ichthyoplankton,Alosa sapidissima,1,,21,NA,
YBFMP,06/09/2021,09:37,STTD,ES0621B0084,20190609_0937_STTD_ICH,ICH,Ichthyoplankton,Dorosoma petenense,32,,9,YSL,
YBFMP,06/09/2021,09:37,STTD,ES0621B0084,20190609_0937_STTD_ICH,ICH,Ichthyoplankton,Dorosoma petenense,32,,9.5,YSL,
YBFMP,06/09/2021,09:37,STTD,ES0621B0084,20190609_0937_STTD_ICH,ICH,Ichthyoplankton,Dorosoma petenense,32,,9,YSL,
YBFMP,06/09/2021,09:37,STTD,ES0621B0084,20190609_0937_STTD_ICH,ICH,Ichthyoplankton,Dorosoma petenense,32,,7.5,YSL,
YBFMP,06/09/2021,09:37,STTD,ES0621B0084,20190609_0937_STTD_ICH,ICH,Ichthyoplankton,Dorosoma petenense,32,,7,YSL,
YBFMP,06/09/2021,09:37,STTD,ES0621B0084,20190609_0937_STTD_ICH,ICH,Ichthyoplankton,Dorosoma petenense,32,,7,YSL,
YBFMP,06/09/2021,09:37,STTD,ES0621B0084,20190609_0937_STTD_ICH,ICH,Ichthyoplankton,Dorosoma petenense,32,,7,YSL,
YBFMP,06/09/2021,09:37,STTD,ES0621B0084,20190609_0937_STTD_ICH,ICH,Ichthyoplankton,Dorosoma petenense,32,,8,YSL,
YBFMP,06/09/2021,09:37,STTD,ES0621B0084,20190609_0937_STTD_ICH,ICH,Ichthyoplankton,Dorosoma petenense,32,,6,YSL,
YBFMP,06/09/2021,09:37,STTD,ES0621B0084,20190609_0937_STTD_ICH,ICH,Ichthyoplankton,Dorosoma petenense,32,,6,YSL,
YBFMP,06/09/2021,09:37,STTD,ES0621B0084,20190609_0937_STTD_ICH,ICH,Ichthyoplankton,Dorosoma petenense,32,,6,YSL,
YBFMP,06/09/2021,09:37,STTD,ES0621B0084,20190609_0937_STTD_ICH,ICH,Ichthyoplankton,Dorosoma petenense,32,,5.5,YSL,
YBFMP,06/09/2021,09:37,STTD,ES0621B0084,20190609_0937_STTD_ICH,ICH,Ichthyoplankton,Dorosoma petenense,32,,5.5,YSL,
YBFMP,06/09/2021,09:37,STTD,ES0621B0084,20190609_0937_STTD_ICH,ICH,Ichthyoplankton,Dorosoma petenense,32,,8,YSL,
YBFMP,06/09/2021,09:37,STTD,ES0621B0084,20190609_0937_STTD_ICH,ICH,Ichthyoplankton,Dorosoma petenense,32,,5.5,YSL,
YBFMP,06/09/2021,09:37,STTD,ES0621B0084,20190609_0937_STTD_ICH,ICH,Ichthyoplankton,Dorosoma petenense,32,,5.5,YSL,
YBFMP,06/09/2021,09:37,STTD,ES0621B0084,20190609_0937_STTD_ICH,ICH,Ichthyoplankton,Dorosoma petenense,32,,5,YSL,
YBFMP,06/09/2021,09:37,STTD,ES0621B0084,20190609_0937_STTD_ICH,ICH,Ichthyoplankton,Dorosoma petenense,32,,5.5,YSL,
YBFMP,06/09/2021,09:37,STTD,ES0621B0084,20190609_0937_STTD_ICH,ICH,Ichthyoplankton,Dorosoma petenense,32,,5.5,YSL,
YBFMP,06/09/2021,09:37,STTD,ES0621B0084,20190609_0937_STTD_ICH,ICH,Ichthyoplankton,Dorosoma petenense,32,,5.5,YSL,
YBFMP,06/09/2021,09:37,STTD,ES0621B0084,20190609_0937_STTD_ICH,ICH,Ichthyoplankton,Dorosoma petenense,32,,7,YSL,
YBFMP,06/09/2021,09:37,STTD,ES0621B0084,20190609_0937_STTD_ICH,ICH,Ichthyoplankton,Dorosoma petenense,32,,7,YSL,
YBFMP,06/09/2021,09:37,STTD,ES0621B0084,20190609_0937_STTD_ICH,ICH,Ichthyoplankton,Dorosoma petenense,32,,4,YSL,
YBFMP,06/09/2021,09:37,STTD,ES0621B0084,20190609_0937_STTD_ICH,ICH,Ichthyoplankton,Dorosoma petenense,32,,4,YSL,
YBFMP,06/09/2021,09:37,STTD,ES0621B0084,20190609_0937_STTD_ICH,ICH,Ichthyoplankton,Dorosoma petenense,32,,4,YSL,
YBFMP,06/09/2021,09:37,STTD,ES0621B0084,20190609_0937_STTD_ICH,ICH,Ichthyoplankton,Dorosoma petenense,32,,4,YSL,
YBFMP,06/09/2021,09:37,STTD,ES0621B0084,20190609_0937_STTD_ICH,ICH,Ichthyoplankton,Dorosoma petenense,32,,4.5,YSL,
YBFMP,06/09/2021,09:37,STTD,ES0621B0084,20190609_0937_STTD_ICH,ICH,Ichthyoplankton,Dorosoma petenense,32,,4.5,YSL,
YBFMP,06/09/2021,09:37,STTD,ES0621B0084,20190609_0937_STTD_ICH,ICH,Ichthyoplankton,Dorosoma petenense,32,,4,YSL,
YBFMP,06/09/2021,09:37,STTD,ES0621B0084,20190609_0937_STTD_ICH,ICH,Ichthyoplankton,Dorosoma petenense,32,,5,YSL,
YBFMP,06/09/2021,09:37,STTD,ES0621B0084,20190609_0937_STTD_ICH,ICH,Ichthyoplankton,Menidia sp.,7,,5,YSL,
YBFMP,06/09/2021,09:37,STTD,ES0621B0084,20190609_0937_STTD_ICH,ICH,Ichthyoplankton,Menidia sp.,7,,4.5,YSL,
YBFMP,06/09/2021,09:37,STTD,ES0621B0084,20190609_0937_STTD_ICH,ICH,Ichthyoplankton,Menidia sp.,7,,4.5,YSL,
YBFMP,06/09/2021,09:37,STTD,ES0621B0084,20190609_0937_STTD_ICH,ICH,Ichthyoplankton,Menidia sp.,7,,4,YSL,
YBFMP,06/09/2021,09:37,STTD,ES0621B0084,20190609_0937_STTD_ICH,ICH,Ichthyoplankton,Menidia sp.,7,,4,YSL,
YBFMP,06/09/2021,09:37,STTD,ES0621B0084,20190609_0937_STTD_ICH,ICH,Ichthyoplankton,Menidia sp.,7,,3.5,YSL,
YBFMP,06/09/2021,09:37,STTD,ES0621B0084,20190609_0937_STTD_ICH,ICH,Ichthyoplankton,Menidia sp.,7,,5,YSL,
YBFMP,06/22/2021,09:17,STTD,ES0621B0092,20190622_0917_STTD_ICH,ICH,Ichthyoplankton,Menidia sp.,2,,5.5,YSL,
YBFMP,06/22/2021,09:17,STTD,ES0621B0092,20190622_0917_STTD_ICH,ICH,Ichthyoplankton,Menidia sp.,2,,3.5,YSL,
YBFMP,01/10/2022,10:54,STTD,ES0122B0001,20220110_1054_STTD_ICH,ICH,Ichthyoplankton,No Catch,0,,NA,NA,
YBFMP,01/24/2022,12:33,STTD,ES0122B0009,20220124_1233_STTD_ICH,ICH,Ichthyoplankton,Cottus asper,1,,5,L,L-Preflexion
YBFMP,02/07/2022,10:17,STTD,ES0222B0017,20220207_1017_STTD_ICH,ICH,Ichthyoplankton,Cottus asper,4,,5,L,L-Preflexion
YBFMP,02/07/2022,10:17,STTD,ES0222B0017,20220207_1017_STTD_ICH,ICH,Ichthyoplankton,Cottus asper,4,,4.5,L,L-Preflexion
YBFMP,02/07/2022,10:17,STTD,ES0222B0017,20220207_1017_STTD_ICH,ICH,Ichthyoplankton,Cottus asper,4,,4.5,L,L-Preflexion
YBFMP,02/07/2022,10:17,STTD,ES0222B0017,20220207_1017_STTD_ICH,ICH,Ichthyoplankton,Cottus asper,4,,5.5,L,L-Preflexion
YBFMP,02/07/2022,10:17,STTD,ES0222B0017,20220207_1017_STTD_ICH,ICH,Ichthyoplankton,Cottus asper,1,,4,L,L-Preflexion
YBFMP,02/07/2022,10:17,STTD,ES0222B0017,20220207_1017_STTD_ICH,ICH,Ichthyoplankton,Menidia beryllina,1,,95,NA,
YBFMP,02/22/2022,09:52,STTD,ES0222B0025,20220222_0952_STTD_ICH,ICH,Ichthyoplankton,Cottus asper,27,,4.5,L,L-Preflexion
YBFMP,02/22/2022,09:52,STTD,ES0222B0025,20220222_0952_STTD_ICH,ICH,Ichthyoplankton,Cottus asper,27,,5,L,L-Preflexion
YBFMP,02/22/2022,09:52,STTD,ES0222B0025,20220222_0952_STTD_ICH,ICH,Ichthyoplankton,Cottus asper,27,,5,L,L-Preflexion
YBFMP,02/22/2022,09:52,STTD,ES0222B0025,20220222_0952_STTD_ICH,ICH,Ichthyoplankton,Cottus asper,27,,5,L,L-Preflexion
YBFMP,02/22/2022,09:52,STTD,ES0222B0025,20220222_0952_STTD_ICH,ICH,Ichthyoplankton,Cottus asper,27,,5,L,L-Preflexion
YBFMP,02/22/2022,09:52,STTD,ES0222B0025,20220222_0952_STTD_ICH,ICH,Ichthyoplankton,Cottus asper,27,,5,L,L-Preflexion
YBFMP,02/22/2022,09:52,STTD,ES0222B0025,20220222_0952_STTD_ICH,ICH,Ichthyoplankton,Cottus asper,27,,5,L,L-Preflexion
YBFMP,02/22/2022,09:52,STTD,ES0222B0025,20220222_0952_STTD_ICH,ICH,Ichthyoplankton,Cottus asper,27,,5,L,L-Preflexion
YBFMP,02/22/2022,09:52,STTD,ES0222B0025,20220222_0952_STTD_ICH,ICH,Ichthyoplankton,Cottus asper,27,,5,L,L-Preflexion
YBFMP,02/22/2022,09:52,STTD,ES0222B0025,20220222_0952_STTD_ICH,ICH,Ichthyoplankton,Cottus asper,27,,5,L,L-Preflexion
YBFMP,02/22/2022,09:52,STTD,ES0222B0025,20220222_0952_STTD_ICH,ICH,Ichthyoplankton,Cottus asper,27,,5,L,L-Preflexion
YBFMP,02/22/2022,09:52,STTD,ES0222B0025,20220222_0952_STTD_ICH,ICH,Ichthyoplankton,Cottus asper,27,,5,L,L-Preflexion
YBFMP,02/22/2022,09:52,STTD,ES0222B0025,20220222_0952_STTD_ICH,ICH,Ichthyoplankton,Cottus asper,27,,5,L,L-Preflexion
YBFMP,02/22/2022,09:52,STTD,ES0222B0025,20220222_0952_STTD_ICH,ICH,Ichthyoplankton,Cottus asper,27,,5,L,L-Preflexion
YBFMP,02/22/2022,09:52,STTD,ES0222B0025,20220222_0952_STTD_ICH,ICH,Ichthyoplankton,Cottus asper,27,,5,L,L-Preflexion
YBFMP,02/22/2022,09:52,STTD,ES0222B0025,20220222_0952_STTD_ICH,ICH,Ichthyoplankton,Cottus asper,27,,5.5,L,L-Preflexion
YBFMP,02/22/2022,09:52,STTD,ES0222B0025,20220222_0952_STTD_ICH,ICH,Ichthyoplankton,Cottus asper,27,,5.5,L,L-Preflexion
YBFMP,02/22/2022,09:52,STTD,ES0222B0025,20220222_0952_STTD_ICH,ICH,Ichthyoplankton,Cottus asper,27,,5.5,L,L-Preflexion
YBFMP,02/22/2022,09:52,STTD,ES0222B0025,20220222_0952_STTD_ICH,ICH,Ichthyoplankton,Cottus asper,27,,5.5,L,L-Preflexion
YBFMP,02/22/2022,09:52,STTD,ES0222B0025,20220222_0952_STTD_ICH,ICH,Ichthyoplankton,Cottus asper,27,,5.5,L,L-Preflexion
YBFMP,02/22/2022,09:52,STTD,ES0222B0025,20220222_0952_STTD_ICH,ICH,Ichthyoplankton,Cottus asper,27,,5.5,L,L-Preflexion
YBFMP,02/22/2022,09:52,STTD,ES0222B0025,20220222_0952_STTD_ICH,ICH,Ichthyoplankton,Cottus asper,27,,5.5,L,L-Preflexion
YBFMP,02/22/2022,09:52,STTD,ES0222B0025,20220222_0952_STTD_ICH,ICH,Ichthyoplankton,Cottus asper,27,,5.5,L,L-Preflexion
YBFMP,02/22/2022,09:52,STTD,ES0222B0025,20220222_0952_STTD_ICH,ICH,Ichthyoplankton,Cottus asper,27,,5.5,L,L-Preflexion
YBFMP,02/22/2022,09:52,STTD,ES0222B0025,20220222_0952_STTD_ICH,ICH,Ichthyoplankton,Cottus asper,27,,5.5,L,L-Preflexion
YBFMP,02/22/2022,09:52,STTD,ES0222B0025,20220222_0952_STTD_ICH,ICH,Ichthyoplankton,Cottus asper,27,,5.5,L,L-Preflexion
YBFMP,02/22/2022,09:52,STTD,ES0222B0025,20220222_0952_STTD_ICH,ICH,Ichthyoplankton,Cottus asper,27,,5.5,L,L-Preflexion
YBFMP,02/22/2022,09:52,STTD,ES0222B0025,20220222_0952_STTD_ICH,ICH,Ichthyoplankton,Cottus asper,1,,7,NA,
YBFMP,03/14/2022,09:27,STTD,ES0322B0033,20220314_0927_STTD_ICH,ICH,Ichthyoplankton,Cottus asper,18,,5,L,L-Preflexion
YBFMP,03/14/2022,09:27,STTD,ES0322B0033,20220314_0927_STTD_ICH,ICH,Ichthyoplankton,Cottus asper,18,,5,L,L-Preflexion
YBFMP,03/14/2022,09:27,STTD,ES0322B0033,20220314_0927_STTD_ICH,ICH,Ichthyoplankton,Cottus asper,18,,5,L,L-Preflexion
YBFMP,03/14/2022,09:27,STTD,ES0322B0033,20220314_0927_STTD_ICH,ICH,Ichthyoplankton,Cottus asper,18,,5,L,L-Preflexion
YBFMP,03/14/2022,09:27,STTD,ES0322B0033,20220314_0927_STTD_ICH,ICH,Ichthyoplankton,Cottus asper,18,,5,L,L-Preflexion
YBFMP,03/14/2022,09:27,STTD,ES0322B0033,20220314_0927_STTD_ICH,ICH,Ichthyoplankton,Cottus asper,18,,5,L,L-Preflexion
YBFMP,03/14/2022,09:27,STTD,ES0322B0033,20220314_0927_STTD_ICH,ICH,Ichthyoplankton,Cottus asper,18,,5,L,L-Preflexion
YBFMP,03/14/2022,09:27,STTD,ES0322B0033,20220314_0927_STTD_ICH,ICH,Ichthyoplankton,Cottus asper,18,,5,L,L-Preflexion
YBFMP,03/14/2022,09:27,STTD,ES0322B0033,20220314_0927_STTD_ICH,ICH,Ichthyoplankton,Cottus asper,18,,5,L,L-Preflexion
YBFMP,03/14/2022,09:27,STTD,ES0322B0033,20220314_0927_STTD_ICH,ICH,Ichthyoplankton,Cottus asper,18,,5.5,L,L-Preflexion
YBFMP,03/14/2022,09:27,STTD,ES0322B0033,20220314_0927_STTD_ICH,ICH,Ichthyoplankton,Cottus asper,18,,5.5,L,L-Preflexion
YBFMP,03/14/2022,09:27,STTD,ES0322B0033,20220314_0927_STTD_ICH,ICH,Ichthyoplankton,Cottus asper,18,,5.5,L,L-Preflexion
YBFMP,03/14/2022,09:27,STTD,ES0322B0033,20220314_0927_STTD_ICH,ICH,Ichthyoplankton,Cottus asper,18,,5.5,L,L-Preflexion
YBFMP,03/14/2022,09:27,STTD,ES0322B0033,20220314_0927_STTD_ICH,ICH,Ichthyoplankton,Cottus asper,18,,5.5,L,L-Preflexion
YBFMP,03/14/2022,09:27,STTD,ES0322B0033,20220314_0927_STTD_ICH,ICH,Ichthyoplankton,Cottus asper,18,,5.5,L,L-Preflexion
YBFMP,03/14/2022,09:27,STTD,ES0322B0033,20220314_0927_STTD_ICH,ICH,Ichthyoplankton,Cottus asper,18,,5,L,L-Preflexion
YBFMP,03/14/2022,09:27,STTD,ES0322B0033,20220314_0927_STTD_ICH,ICH,Ichthyoplankton,Cottus asper,18,,5.5,L,L-Preflexion
YBFMP,03/14/2022,09:27,STTD,ES0322B0033,20220314_0927_STTD_ICH,ICH,Ichthyoplankton,Cottus asper,18,,6,L,L-Preflexion
YBFMP,03/14/2022,09:27,STTD,ES0322B0033,20220314_0927_STTD_ICH,ICH,Ichthyoplankton,Cottus asper,1,,4.5,L,L-Preflexion
YBFMP,03/28/2022,08:01,STTD,ES0322B0041,20220328_0801_STTD_ICH,ICH,Ichthyoplankton,Cottus asper,5,,4.5,L,L-Preflexion
YBFMP,03/28/2022,08:01,STTD,ES0322B0041,20220328_0801_STTD_ICH,ICH,Ichthyoplankton,Cottus asper,5,,4.5,L,L-Preflexion
YBFMP,03/28/2022,08:01,STTD,ES0322B0041,20220328_0801_STTD_ICH,ICH,Ichthyoplankton,Cottus asper,5,,4.5,L,L-Preflexion
YBFMP,03/28/2022,08:01,STTD,ES0322B0041,20220328_0801_STTD_ICH,ICH,Ichthyoplankton,Cottus asper,5,,4.5,L,L-Preflexion
YBFMP,03/28/2022,08:01,STTD,ES0322B0041,20220328_0801_STTD_ICH,ICH,Ichthyoplankton,Cottus asper,5,,4.5,L,L-Preflexion
YBFMP,03/28/2022,08:01,STTD,ES0322B0041,20220328_0801_STTD_ICH,ICH,Ichthyoplankton,Cottus asper,610,,6,L,L-Preflexion
YBFMP,03/28/2022,08:01,STTD,ES0322B0041,20220328_0801_STTD_ICH,ICH,Ichthyoplankton,Cottus asper,610,,6,L,L-Preflexion
YBFMP,03/28/2022,08:01,STTD,ES0322B0041,20220328_0801_STTD_ICH,ICH,Ichthyoplankton,Cottus asper,610,,6,L,L-Preflexion
YBFMP,03/28/2022,08:01,STTD,ES0322B0041,20220328_0801_STTD_ICH,ICH,Ichthyoplankton,Cottus asper,610,,5.5,L,L-Preflexion
YBFMP,03/28/2022,08:01,STTD,ES0322B0041,20220328_0801_STTD_ICH,ICH,Ichthyoplankton,Cottus asper,610,,5.5,L,L-Preflexion
YBFMP,03/28/2022,08:01,STTD,ES0322B0041,20220328_0801_STTD_ICH,ICH,Ichthyoplankton,Cottus asper,610,,5.5,L,L-Preflexion
YBFMP,03/28/2022,08:01,STTD,ES0322B0041,20220328_0801_STTD_ICH,ICH,Ichthyoplankton,Cottus asper,610,,5.5,L,L-Preflexion
YBFMP,03/28/2022,08:01,STTD,ES0322B0041,20220328_0801_STTD_ICH,ICH,Ichthyoplankton,Cottus asper,610,,5.5,L,L-Preflexion
YBFMP,03/28/2022,08:01,STTD,ES0322B0041,20220328_0801_STTD_ICH,ICH,Ichthyoplankton,Cottus asper,610,,5.5,L,L-Preflexion
YBFMP,03/28/2022,08:01,STTD,ES0322B0041,20220328_0801_STTD_ICH,ICH,Ichthyoplankton,Cottus asper,610,,5.5,L,L-Preflexion
YBFMP,03/28/2022,08:01,STTD,ES0322B0041,20220328_0801_STTD_ICH,ICH,Ichthyoplankton,Cottus asper,610,,5.5,L,L-Preflexion
YBFMP,03/28/2022,08:01,STTD,ES0322B0041,20220328_0801_STTD_ICH,ICH,Ichthyoplankton,Cottus asper,610,,5.5,L,L-Preflexion
YBFMP,03/28/2022,08:01,STTD,ES0322B0041,20220328_0801_STTD_ICH,ICH,Ichthyoplankton,Cottus asper,610,,5.5,L,L-Preflexion
YBFMP,03/28/2022,08:01,STTD,ES0322B0041,20220328_0801_STTD_ICH,ICH,Ichthyoplankton,Cottus asper,610,,5.5,L,L-Preflexion
YBFMP,03/28/2022,08:01,STTD,ES0322B0041,20220328_0801_STTD_ICH,ICH,Ichthyoplankton,Cottus asper,610,,5.5,L,L-Preflexion
YBFMP,03/28/2022,08:01,STTD,ES0322B0041,20220328_0801_STTD_ICH,ICH,Ichthyoplankton,Cottus asper,610,,5.5,L,L-Preflexion
YBFMP,03/28/2022,08:01,STTD,ES0322B0041,20220328_0801_STTD_ICH,ICH,Ichthyoplankton,Cottus asper,610,,5.5,L,L-Preflexion
YBFMP,03/28/2022,08:01,STTD,ES0322B0041,20220328_0801_STTD_ICH,ICH,Ichthyoplankton,Cottus asper,610,,5,L,L-Preflexion
YBFMP,03/28/2022,08:01,STTD,ES0322B0041,20220328_0801_STTD_ICH,ICH,Ichthyoplankton,Cottus asper,610,,5,L,L-Preflexion
YBFMP,03/28/2022,08:01,STTD,ES0322B0041,20220328_0801_STTD_ICH,ICH,Ichthyoplankton,Cottus asper,610,,5,L,L-Preflexion
YBFMP,03/28/2022,08:01,STTD,ES0322B0041,20220328_0801_STTD_ICH,ICH,Ichthyoplankton,Cottus asper,610,,5,L,L-Preflexion
YBFMP,03/28/2022,08:01,STTD,ES0322B0041,20220328_0801_STTD_ICH,ICH,Ichthyoplankton,Cottus asper,610,,5,L,L-Preflexion
YBFMP,03/28/2022,08:01,STTD,ES0322B0041,20220328_0801_STTD_ICH,ICH,Ichthyoplankton,Cottus asper,610,,5,L,L-Preflexion
YBFMP,03/28/2022,08:01,STTD,ES0322B0041,20220328_0801_STTD_ICH,ICH,Ichthyoplankton,Cottus asper,610,,5,L,L-Preflexion
YBFMP,03/28/2022,08:01,STTD,ES0322B0041,20220328_0801_STTD_ICH,ICH,Ichthyoplankton,Cottus asper,610,,5,L,L-Preflexion
YBFMP,03/28/2022,08:01,STTD,ES0322B0041,20220328_0801_STTD_ICH,ICH,Ichthyoplankton,Cottus asper,610,,5,L,L-Preflexion
YBFMP,03/28/2022,08:01,STTD,ES0322B0041,20220328_0801_STTD_ICH,ICH,Ichthyoplankton,Cottus asper,610,,5,L,L-Preflexion
YBFMP,03/28/2022,08:01,STTD,ES0322B0041,20220328_0801_STTD_ICH,ICH,Ichthyoplankton,Cottus asper,610,,5,L,L-Preflexion
YBFMP,03/28/2022,08:01,STTD,ES0322B0041,20220328_0801_STTD_ICH,ICH,Ichthyoplankton,Cottus asper,610,,5,L,L-Preflexion
YBFMP,03/28/2022,08:01,STTD,ES0322B0041,20220328_0801_STTD_ICH,ICH,Ichthyoplankton,Cottus asper,610,,5,L,L-Preflexion
YBFMP,03/28/2022,08:01,STTD,ES0322B0041,20220328_0801_STTD_ICH,ICH,Ichthyoplankton,Cottus asper,20,,5.5,NA,
YBFMP,03/28/2022,08:01,STTD,ES0322B0041,20220328_0801_STTD_ICH,ICH,Ichthyoplankton,Cottus asper,20,,6.5,NA,
YBFMP,03/28/2022,08:01,STTD,ES0322B0041,20220328_0801_STTD_ICH,ICH,Ichthyoplankton,Cottus asper,20,,6,NA,
YBFMP,03/28/2022,08:01,STTD,ES0322B0041,20220328_0801_STTD_ICH,ICH,Ichthyoplankton,Cottus asper,20,,6,NA,
YBFMP,03/28/2022,08:01,STTD,ES0322B0041,20220328_0801_STTD_ICH,ICH,Ichthyoplankton,Cottus asper,20,,6,NA,
YBFMP,03/28/2022,08:01,STTD,ES0322B0041,20220328_0801_STTD_ICH,ICH,Ichthyoplankton,Cottus asper,20,,6.5,NA,
YBFMP,03/28/2022,08:01,STTD,ES0322B0041,20220328_0801_STTD_ICH,ICH,Ichthyoplankton,Cottus asper,20,,6.5,NA,
YBFMP,03/28/2022,08:01,STTD,ES0322B0041,20220328_0801_STTD_ICH,ICH,Ichthyoplankton,Cottus asper,20,,6.5,NA,
YBFMP,03/28/2022,08:01,STTD,ES0322B0041,20220328_0801_STTD_ICH,ICH,Ichthyoplankton,Cottus asper,20,,6.5,NA,
YBFMP,03/28/2022,08:01,STTD,ES0322B0041,20220328_0801_STTD_ICH,ICH,Ichthyoplankton,Cottus asper,20,,6.5,NA,
YBFMP,03/28/2022,08:01,STTD,ES0322B0041,20220328_0801_STTD_ICH,ICH,Ichthyoplankton,Cottus asper,20,,6.5,NA,
YBFMP,03/28/2022,08:01,STTD,ES0322B0041,20220328_0801_STTD_ICH,ICH,Ichthyoplankton,Cottus asper,20,,6.5,NA,
YBFMP,03/28/2022,08:01,STTD,ES0322B0041,20220328_0801_STTD_ICH,ICH,Ichthyoplankton,Cottus asper,20,,6.5,NA,
YBFMP,03/28/2022,08:01,STTD,ES0322B0041,20220328_0801_STTD_ICH,ICH,Ichthyoplankton,Cottus asper,20,,6,NA,
YBFMP,03/28/2022,08:01,STTD,ES0322B0041,20220328_0801_STTD_ICH,ICH,Ichthyoplankton,Cottus asper,20,,6,NA,
YBFMP,03/28/2022,08:01,STTD,ES0322B0041,20220328_0801_STTD_ICH,ICH,Ichthyoplankton,Cottus asper,20,,6,NA,
YBFMP,03/28/2022,08:01,STTD,ES0322B0041,20220328_0801_STTD_ICH,ICH,Ichthyoplankton,Cottus asper,20,,6.5,NA,
YBFMP,03/28/2022,08:01,STTD,ES0322B0041,20220328_0801_STTD_ICH,ICH,Ichthyoplankton,Cottus asper,20,,6.5,NA,
YBFMP,03/28/2022,08:01,STTD,ES0322B0041,20220328_0801_STTD_ICH,ICH,Ichthyoplankton,Cottus asper,20,,6.5,NA,
YBFMP,03/28/2022,08:01,STTD,ES0322B0041,20220328_0801_STTD_ICH,ICH,Ichthyoplankton,Cottus asper,20,,6.5,NA,
YBFMP,03/28/2022,08:01,STTD,ES0322B0041,20220328_0801_STTD_ICH,ICH,Ichthyoplankton,Cottus asper,30,,8.5,NA,
YBFMP,03/28/2022,08:01,STTD,ES0322B0041,20220328_0801_STTD_ICH,ICH,Ichthyoplankton,Cottus asper,30,,8,NA,
YBFMP,03/28/2022,08:01,STTD,ES0322B0041,20220328_0801_STTD_ICH,ICH,Ichthyoplankton,Cottus asper,30,,8,NA,
YBFMP,03/28/2022,08:01,STTD,ES0322B0041,20220328_0801_STTD_ICH,ICH,Ichthyoplankton,Cottus asper,30,,8,NA,
YBFMP,03/28/2022,08:01,STTD,ES0322B0041,20220328_0801_STTD_ICH,ICH,Ichthyoplankton,Cottus asper,30,,7.5,NA,
YBFMP,03/28/2022,08:01,STTD,ES0322B0041,20220328_0801_STTD_ICH,ICH,Ichthyoplankton,Cottus asper,30,,7.5,NA,
YBFMP,03/28/2022,08:01,STTD,ES0322B0041,20220328_0801_STTD_ICH,ICH,Ichthyoplankton,Cottus asper,30,,7.5,NA,
YBFMP,03/28/2022,08:01,STTD,ES0322B0041,20220328_0801_STTD_ICH,ICH,Ichthyoplankton,Cottus asper,30,,7.5,NA,
YBFMP,03/28/2022,08:01,STTD,ES0322B0041,20220328_0801_STTD_ICH,ICH,Ichthyoplankton,Cottus asper,30,,7.5,NA,
YBFMP,03/28/2022,08:01,STTD,ES0322B0041,20220328_0801_STTD_ICH,ICH,Ichthyoplankton,Cottus asper,30,,7,NA,
YBFMP,03/28/2022,08:01,STTD,ES0322B0041,20220328_0801_STTD_ICH,ICH,Ichthyoplankton,Cottus asper,30,,7,NA,
YBFMP,03/28/2022,08:01,STTD,ES0322B0041,20220328_0801_STTD_ICH,ICH,Ichthyoplankton,Cottus asper,30,,7,NA,
YBFMP,03/28/2022,08:01,STTD,ES0322B0041,20220328_0801_STTD_ICH,ICH,Ichthyoplankton,Cottus asper,30,,7,NA,
YBFMP,03/28/2022,08:01,STTD,ES0322B0041,20220328_0801_STTD_ICH,ICH,Ichthyoplankton,Cottus asper,30,,7,NA,
YBFMP,03/28/2022,08:01,STTD,ES0322B0041,20220328_0801_STTD_ICH,ICH,Ichthyoplankton,Cottus asper,30,,7,NA,
YBFMP,03/28/2022,08:01,STTD,ES0322B0041,20220328_0801_STTD_ICH,ICH,Ichthyoplankton,Cottus asper,30,,7,NA,
YBFMP,03/28/2022,08:01,STTD,ES0322B0041,20220328_0801_STTD_ICH,ICH,Ichthyoplankton,Cottus asper,30,,6.5,NA,
YBFMP,03/28/2022,08:01,STTD,ES0322B0041,20220328_0801_STTD_ICH,ICH,Ichthyoplankton,Cottus asper,30,,6.5,NA,
YBFMP,03/28/2022,08:01,STTD,ES0322B0041,20220328_0801_STTD_ICH,ICH,Ichthyoplankton,Cottus asper,30,,7.5,NA,
YBFMP,03/28/2022,08:01,STTD,ES0322B0041,20220328_0801_STTD_ICH,ICH,Ichthyoplankton,Cottus asper,30,,7.5,NA,
YBFMP,03/28/2022,08:01,STTD,ES0322B0041,20220328_0801_STTD_ICH,ICH,Ichthyoplankton,Cottus asper,30,,7.5,NA,
YBFMP,03/28/2022,08:01,STTD,ES0322B0041,20220328_0801_STTD_ICH,ICH,Ichthyoplankton,Cottus asper,30,,7,NA,
YBFMP,03/28/2022,08:01,STTD,ES0322B0041,20220328_0801_STTD_ICH,ICH,Ichthyoplankton,Cottus asper,30,,7,NA,
YBFMP,03/28/2022,08:01,STTD,ES0322B0041,20220328_0801_STTD_ICH,ICH,Ichthyoplankton,Cottus asper,30,,7,NA,
YBFMP,03/28/2022,08:01,STTD,ES0322B0041,20220328_0801_STTD_ICH,ICH,Ichthyoplankton,Cottus asper,30,,7,NA,
YBFMP,03/28/2022,08:01,STTD,ES0322B0041,20220328_0801_STTD_ICH,ICH,Ichthyoplankton,Cottus asper,30,,7,NA,
YBFMP,03/28/2022,08:01,STTD,ES0322B0041,20220328_0801_STTD_ICH,ICH,Ichthyoplankton,Cottus asper,30,,7,NA,
YBFMP,03/28/2022,08:01,STTD,ES0322B0041,20220328_0801_STTD_ICH,ICH,Ichthyoplankton,Cottus asper,30,,7,NA,
YBFMP,03/28/2022,08:01,STTD,ES0322B0041,20220328_0801_STTD_ICH,ICH,Ichthyoplankton,Cottus asper,30,,7,NA,
YBFMP,03/28/2022,08:01,STTD,ES0322B0041,20220328_0801_STTD_ICH,ICH,Ichthyoplankton,Cottus asper,30,,6.5,NA,
YBFMP,04/11/2022,08:05,STTD,ES0422B0049,20220411_0805_STTD_ICH,ICH,Ichthyoplankton,Cottus asper,5,,5,L,L-Preflexion
YBFMP,04/11/2022,08:05,STTD,ES0422B0049,20220411_0805_STTD_ICH,ICH,Ichthyoplankton,Cottus asper,5,,5,L,L-Preflexion
YBFMP,04/11/2022,08:05,STTD,ES0422B0049,20220411_0805_STTD_ICH,ICH,Ichthyoplankton,Cottus asper,5,,5,L,L-Preflexion
YBFMP,04/11/2022,08:05,STTD,ES0422B0049,20220411_0805_STTD_ICH,ICH,Ichthyoplankton,Cottus asper,5,,5,L,L-Preflexion
YBFMP,04/11/2022,08:05,STTD,ES0422B0049,20220411_0805_STTD_ICH,ICH,Ichthyoplankton,Cottus asper,5,,5,L,L-Preflexion
YBFMP,04/11/2022,08:05,STTD,ES0422B0049,20220411_0805_STTD_ICH,ICH,Ichthyoplankton,Cottus asper,5,,5,L,L-Preflexion
YBFMP,04/11/2022,08:05,STTD,ES0422B0049,20220411_0805_STTD_ICH,ICH,Ichthyoplankton,Cottus asper,1,,4.5,L,L-Preflexion
YBFMP,4/25/2022,8:07,STTD,ES0422B0099,20220425_0807_STTD_ICH,ICH,Ichthyoplankton,Cottus asper,15,,5,L,L-Preflexion
YBFMP,4/25/2022,8:07,STTD,ES0422B0099,20220425_0807_STTD_ICH,ICH,Ichthyoplankton,Cottus asper,15,,5,L,L-Preflexion
YBFMP,4/25/2022,8:07,STTD,ES0422B0099,20220425_0807_STTD_ICH,ICH,Ichthyoplankton,Cottus asper,15,,5.5,L,L-Preflexion
YBFMP,4/25/2022,8:07,STTD,ES0422B0099,20220425_0807_STTD_ICH,ICH,Ichthyoplankton,Cottus asper,15,,5,L,L-Preflexion
YBFMP,4/25/2022,8:07,STTD,ES0422B0099,20220425_0807_STTD_ICH,ICH,Ichthyoplankton,Cottus asper,15,,5,L,L-Preflexion
YBFMP,4/25/2022,8:07,STTD,ES0422B0099,20220425_0807_STTD_ICH,ICH,Ichthyoplankton,Cottus asper,15,,4.5,L,L-Preflexion
YBFMP,4/25/2022,8:07,STTD,ES0422B0099,20220425_0807_STTD_ICH,ICH,Ichthyoplankton,Cottus asper,15,,5,L,L-Preflexion
YBFMP,4/25/2022,8:07,STTD,ES0422B0099,20220425_0807_STTD_ICH,ICH,Ichthyoplankton,Cottus asper,15,,5,L,L-Preflexion
YBFMP,4/25/2022,8:07,STTD,ES0422B0099,20220425_0807_STTD_ICH,ICH,Ichthyoplankton,Cottus asper,15,,5,L,L-Preflexion
YBFMP,4/25/2022,8:07,STTD,ES0422B0099,20220425_0807_STTD_ICH,ICH,Ichthyoplankton,Cottus asper,15,,5,L,L-Preflexion
YBFMP,4/25/2022,8:07,STTD,ES0422B0099,20220425_0807_STTD_ICH,ICH,Ichthyoplankton,Cottus asper,15,,5.5,L,L-Preflexion
YBFMP,4/25/2022,8:07,STTD,ES0422B0099,20220425_0807_STTD_ICH,ICH,Ichthyoplankton,Cottus asper,15,,4.5,L,L-Preflexion
YBFMP,4/25/2022,8:07,STTD,ES0422B0099,20220425_0807_STTD_ICH,ICH,Ichthyoplankton,Cottus asper,15,,4,L,L-Preflexion
YBFMP,4/25/2022,8:07,STTD,ES0422B0099,20220425_0807_STTD_ICH,ICH,Ichthyoplankton,Cottus asper,15,,4.5,L,L-Preflexion
YBFMP,4/25/2022,8:07,STTD,ES0422B0099,20220425_0807_STTD_ICH,ICH,Ichthyoplankton,Cottus asper,15,,5,L,L-Preflexion
YBFMP,5/9/2022,10:39,STTD,ES0522B0115,20220509_1039_STTD_ICH,ICH,Ichthyoplankton,Cottus asper,2,,5,L,L-Preflexion
YBFMP,5/9/2022,10:39,STTD,ES0522B0115,20220509_1039_STTD_ICH,ICH,Ichthyoplankton,Cottus asper,2,,5,L,L-Preflexion
YBFMP,5/9/2022,10:39,STTD,ES0522B0115,20220509_1039_STTD_ICH,ICH,Ichthyoplankton,Menidia berylina,26,,3.5,L,L-Preflexion
YBFMP,5/9/2022,10:39,STTD,ES0522B0115,20220509_1039_STTD_ICH,ICH,Ichthyoplankton,Menidia berylina,26,,4,L,L-Preflexion
YBFMP,5/9/2022,10:39,STTD,ES0522B0115,20220509_1039_STTD_ICH,ICH,Ichthyoplankton,Menidia berylina,26,,4,L,L-Preflexion
YBFMP,5/9/2022,10:39,STTD,ES0522B0115,20220509_1039_STTD_ICH,ICH,Ichthyoplankton,Menidia berylina,26,,4.5,L,L-Preflexion
YBFMP,5/9/2022,10:39,STTD,ES0522B0115,20220509_1039_STTD_ICH,ICH,Ichthyoplankton,Menidia berylina,26,,4,L,L-Preflexion
YBFMP,5/9/2022,10:39,STTD,ES0522B0115,20220509_1039_STTD_ICH,ICH,Ichthyoplankton,Menidia berylina,26,,4,L,L-Preflexion
YBFMP,5/9/2022,10:39,STTD,ES0522B0115,20220509_1039_STTD_ICH,ICH,Ichthyoplankton,Menidia berylina,26,,4,L,L-Preflexion
YBFMP,5/9/2022,10:39,STTD,ES0522B0115,20220509_1039_STTD_ICH,ICH,Ichthyoplankton,Menidia berylina,26,,4,L,L-Preflexion
YBFMP,5/9/2022,10:39,STTD,ES0522B0115,20220509_1039_STTD_ICH,ICH,Ichthyoplankton,Menidia berylina,26,,5,L,L-Preflexion
YBFMP,5/9/2022,10:39,STTD,ES0522B0115,20220509_1039_STTD_ICH,ICH,Ichthyoplankton,Menidia berylina,26,,4.5,L,L-Preflexion
YBFMP,5/9/2022,10:39,STTD,ES0522B0115,20220509_1039_STTD_ICH,ICH,Ichthyoplankton,Menidia berylina,26,,3.5,L,L-Preflexion
YBFMP,5/9/2022,10:39,STTD,ES0522B0115,20220509_1039_STTD_ICH,ICH,Ichthyoplankton,Menidia berylina,26,,4,L,L-Preflexion
YBFMP,5/9/2022,10:39,STTD,ES0522B0115,20220509_1039_STTD_ICH,ICH,Ichthyoplankton,Menidia berylina,26,,4,L,L-Preflexion
YBFMP,5/9/2022,10:39,STTD,ES0522B0115,20220509_1039_STTD_ICH,ICH,Ichthyoplankton,Menidia berylina,26,,4,L,L-Preflexion
YBFMP,5/9/2022,10:39,STTD,ES0522B0115,20220509_1039_STTD_ICH,ICH,Ichthyoplankton,Menidia berylina,26,,4.5,L,L-Preflexion
YBFMP,5/9/2022,10:39,STTD,ES0522B0115,20220509_1039_STTD_ICH,ICH,Ichthyoplankton,Menidia berylina,26,,4,L,L-Preflexion
YBFMP,5/9/2022,10:39,STTD,ES0522B0115,20220509_1039_STTD_ICH,ICH,Ichthyoplankton,Menidia berylina,26,,4,L,L-Preflexion
YBFMP,5/9/2022,10:39,STTD,ES0522B0115,20220509_1039_STTD_ICH,ICH,Ichthyoplankton,Menidia berylina,26,,4,L,L-Preflexion
YBFMP,5/9/2022,10:39,STTD,ES0522B0115,20220509_1039_STTD_ICH,ICH,Ichthyoplankton,Menidia berylina,26,,4,L,L-Preflexion
YBFMP,5/9/2022,10:39,STTD,ES0522B0115,20220509_1039_STTD_ICH,ICH,Ichthyoplankton,Menidia berylina,26,,4,L,L-Preflexion
YBFMP,5/9/2022,10:39,STTD,ES0522B0115,20220509_1039_STTD_ICH,ICH,Ichthyoplankton,Menidia berylina,26,,4,L,L-Preflexion
YBFMP,5/9/2022,10:39,STTD,ES0522B0115,20220509_1039_STTD_ICH,ICH,Ichthyoplankton,Menidia berylina,26,,4,L,L-Preflexion
YBFMP,5/9/2022,10:39,STTD,ES0522B0115,20220509_1039_STTD_ICH,ICH,Ichthyoplankton,Menidia berylina,26,,4,L,L-Preflexion
YBFMP,5/9/2022,10:39,STTD,ES0522B0115,20220509_1039_STTD_ICH,ICH,Ichthyoplankton,Menidia berylina,26,,4,L,L-Preflexion
YBFMP,5/9/2022,10:39,STTD,ES0522B0115,20220509_1039_STTD_ICH,ICH,Ichthyoplankton,Menidia berylina,26,,4,L,L-Preflexion
YBFMP,5/9/2022,10:39,STTD,ES0522B0115,20220509_1039_STTD_ICH,ICH,Ichthyoplankton,Menidia berylina,26,,4,L,L-Preflexion
YBFMP,5/23/2022,10:12,STTD,ES0522B0123,20220523_1012_STTD_ICH,ICH,Ichthyoplankton,Menidia berylina,47,,4,L,L-Preflexion
YBFMP,5/23/2022,10:12,STTD,ES0522B0123,20220523_1012_STTD_ICH,ICH,Ichthyoplankton,Menidia berylina,47,,4,L,L-Preflexion
YBFMP,5/23/2022,10:12,STTD,ES0522B0123,20220523_1012_STTD_ICH,ICH,Ichthyoplankton,Menidia berylina,47,,4.5,L,L-Preflexion
YBFMP,5/23/2022,10:12,STTD,ES0522B0123,20220523_1012_STTD_ICH,ICH,Ichthyoplankton,Menidia berylina,47,,4,L,L-Preflexion
YBFMP,5/23/2022,10:12,STTD,ES0522B0123,20220523_1012_STTD_ICH,ICH,Ichthyoplankton,Menidia berylina,47,,5,L,L-Preflexion
YBFMP,5/23/2022,10:12,STTD,ES0522B0123,20220523_1012_STTD_ICH,ICH,Ichthyoplankton,Menidia berylina,47,,4,L,L-Preflexion
YBFMP,5/23/2022,10:12,STTD,ES0522B0123,20220523_1012_STTD_ICH,ICH,Ichthyoplankton,Menidia berylina,47,,4,L,L-Preflexion
YBFMP,5/23/2022,10:12,STTD,ES0522B0123,20220523_1012_STTD_ICH,ICH,Ichthyoplankton,Menidia berylina,47,,4,L,L-Preflexion
YBFMP,5/23/2022,10:12,STTD,ES0522B0123,20220523_1012_STTD_ICH,ICH,Ichthyoplankton,Menidia berylina,47,,4,L,L-Preflexion
YBFMP,5/23/2022,10:12,STTD,ES0522B0123,20220523_1012_STTD_ICH,ICH,Ichthyoplankton,Menidia berylina,47,,4,L,L-Preflexion
YBFMP,5/23/2022,10:12,STTD,ES0522B0123,20220523_1012_STTD_ICH,ICH,Ichthyoplankton,Menidia berylina,47,,4,L,L-Preflexion
YBFMP,5/23/2022,10:12,STTD,ES0522B0123,20220523_1012_STTD_ICH,ICH,Ichthyoplankton,Menidia berylina,47,,4,L,L-Preflexion
YBFMP,5/23/2022,10:12,STTD,ES0522B0123,20220523_1012_STTD_ICH,ICH,Ichthyoplankton,Menidia berylina,47,,4.5,L,L-Preflexion
YBFMP,5/23/2022,10:12,STTD,ES0522B0123,20220523_1012_STTD_ICH,ICH,Ichthyoplankton,Menidia berylina,47,,4,L,L-Preflexion
YBFMP,5/23/2022,10:12,STTD,ES0522B0123,20220523_1012_STTD_ICH,ICH,Ichthyoplankton,Menidia berylina,47,,4,L,L-Preflexion
YBFMP,5/23/2022,10:12,STTD,ES0522B0123,20220523_1012_STTD_ICH,ICH,Ichthyoplankton,Menidia berylina,47,,4,L,L-Preflexion
YBFMP,5/23/2022,10:12,STTD,ES0522B0123,20220523_1012_STTD_ICH,ICH,Ichthyoplankton,Menidia berylina,47,,4,L,L-Preflexion
YBFMP,5/23/2022,10:12,STTD,ES0522B0123,20220523_1012_STTD_ICH,ICH,Ichthyoplankton,Menidia berylina,47,,4,L,L-Preflexion
YBFMP,5/23/2022,10:12,STTD,ES0522B0123,20220523_1012_STTD_ICH,ICH,Ichthyoplankton,Menidia berylina,47,,4.5,L,L-Preflexion
YBFMP,5/23/2022,10:12,STTD,ES0522B0123,20220523_1012_STTD_ICH,ICH,Ichthyoplankton,Menidia berylina,47,,4,L,L-Preflexion
YBFMP,5/23/2022,10:12,STTD,ES0522B0123,20220523_1012_STTD_ICH,ICH,Ichthyoplankton,Menidia berylina,47,,4,L,L-Preflexion
YBFMP,5/23/2022,10:12,STTD,ES0522B0123,20220523_1012_STTD_ICH,ICH,Ichthyoplankton,Menidia berylina,47,,4,L,L-Preflexion
YBFMP,5/23/2022,10:12,STTD,ES0522B0123,20220523_1012_STTD_ICH,ICH,Ichthyoplankton,Menidia berylina,47,,4,L,L-Preflexion
YBFMP,5/23/2022,10:12,STTD,ES0522B0123,20220523_1012_STTD_ICH,ICH,Ichthyoplankton,Menidia berylina,47,,4,L,L-Preflexion
YBFMP,5/23/2022,10:12,STTD,ES0522B0123,20220523_1012_STTD_ICH,ICH,Ichthyoplankton,Menidia berylina,47,,5,L,L-Preflexion
YBFMP,5/23/2022,10:12,STTD,ES0522B0123,20220523_1012_STTD_ICH,ICH,Ichthyoplankton,Menidia berylina,47,,4,L,L-Preflexion
YBFMP,5/23/2022,10:12,STTD,ES0522B0123,20220523_1012_STTD_ICH,ICH,Ichthyoplankton,Menidia berylina,47,,4,L,L-Preflexion
YBFMP,5/23/2022,10:12,STTD,ES0522B0123,20220523_1012_STTD_ICH,ICH,Ichthyoplankton,Menidia berylina,47,,4,L,L-Preflexion
YBFMP,5/23/2022,10:12,STTD,ES0522B0123,20220523_1012_STTD_ICH,ICH,Ichthyoplankton,Menidia berylina,47,,4,L,L-Preflexion
YBFMP,5/23/2022,10:12,STTD,ES0522B0123,20220523_1012_STTD_ICH,ICH,Ichthyoplankton,Menidia berylina,47,,4,L,L-Preflexion
YBFMP,6/7/2022,8:17,STTD,ES0622B0131,20220607_0817_STTD_ICH,ICH,Ichthyoplankton,Menidia berylina,30,,4,L,L-Preflexion
YBFMP,6/7/2022,8:17,STTD,ES0622B0131,20220607_0817_STTD_ICH,ICH,Ichthyoplankton,Menidia berylina,30,,4,L,L-Preflexion
YBFMP,6/7/2022,8:17,STTD,ES0622B0131,20220607_0817_STTD_ICH,ICH,Ichthyoplankton,Menidia berylina,30,,4,L,L-Preflexion
YBFMP,6/7/2022,8:17,STTD,ES0622B0131,20220607_0817_STTD_ICH,ICH,Ichthyoplankton,Menidia berylina,30,,4,L,L-Preflexion
YBFMP,6/7/2022,8:17,STTD,ES0622B0131,20220607_0817_STTD_ICH,ICH,Ichthyoplankton,Menidia berylina,30,,4,L,L-Preflexion
YBFMP,6/7/2022,8:17,STTD,ES0622B0131,20220607_0817_STTD_ICH,ICH,Ichthyoplankton,Menidia berylina,30,,4,L,L-Preflexion
YBFMP,6/7/2022,8:17,STTD,ES0622B0131,20220607_0817_STTD_ICH,ICH,Ichthyoplankton,Menidia berylina,30,,4,L,L-Preflexion
YBFMP,6/7/2022,8:17,STTD,ES0622B0131,20220607_0817_STTD_ICH,ICH,Ichthyoplankton,Menidia berylina,30,,4,L,L-Preflexion
YBFMP,6/7/2022,8:17,STTD,ES0622B0131,20220607_0817_STTD_ICH,ICH,Ichthyoplankton,Menidia berylina,30,,4,L,L-Preflexion
YBFMP,6/7/2022,8:17,STTD,ES0622B0131,20220607_0817_STTD_ICH,ICH,Ichthyoplankton,Menidia berylina,30,,4,L,L-Preflexion
YBFMP,6/7/2022,8:17,STTD,ES0622B0131,20220607_0817_STTD_ICH,ICH,Ichthyoplankton,Menidia berylina,30,,4,L,L-Preflexion
YBFMP,6/7/2022,8:17,STTD,ES0622B0131,20220607_0817_STTD_ICH,ICH,Ichthyoplankton,Menidia berylina,30,,4.5,L,L-Preflexion
YBFMP,6/7/2022,8:17,STTD,ES0622B0131,20220607_0817_STTD_ICH,ICH,Ichthyoplankton,Menidia berylina,30,,5,L,L-Preflexion
YBFMP,6/7/2022,8:17,STTD,ES0622B0131,20220607_0817_STTD_ICH,ICH,Ichthyoplankton,Menidia berylina,30,,4,L,L-Preflexion
YBFMP,6/7/2022,8:17,STTD,ES0622B0131,20220607_0817_STTD_ICH,ICH,Ichthyoplankton,Menidia berylina,30,,4,L,L-Preflexion
YBFMP,6/7/2022,8:17,STTD,ES0622B0131,20220607_0817_STTD_ICH,ICH,Ichthyoplankton,Menidia berylina,30,,4,L,L-Preflexion
YBFMP,6/7/2022,8:17,STTD,ES0622B0131,20220607_0817_STTD_ICH,ICH,Ichthyoplankton,Menidia berylina,30,,4,L,L-Preflexion
YBFMP,6/7/2022,8:17,STTD,ES0622B0131,20220607_0817_STTD_ICH,ICH,Ichthyoplankton,Menidia berylina,30,,4.5,L,L-Preflexion
YBFMP,6/7/2022,8:17,STTD,ES0622B0131,20220607_0817_STTD_ICH,ICH,Ichthyoplankton,Menidia berylina,30,,4,L,L-Preflexion
YBFMP,6/7/2022,8:17,STTD,ES0622B0131,20220607_0817_STTD_ICH,ICH,Ichthyoplankton,Menidia berylina,30,,4,L,L-Preflexion
YBFMP,6/7/2022,8:17,STTD,ES0622B0131,20220607_0817_STTD_ICH,ICH,Ichthyoplankton,Menidia berylina,30,,4,L,L-Preflexion
YBFMP,6/7/2022,8:17,STTD,ES0622B0131,20220607_0817_STTD_ICH,ICH,Ichthyoplankton,Menidia berylina,30,,4,L,L-Preflexion
YBFMP,6/7/2022,8:17,STTD,ES0622B0131,20220607_0817_STTD_ICH,ICH,Ichthyoplankton,Menidia berylina,30,,4,L,L-Preflexion
YBFMP,6/7/2022,8:17,STTD,ES0622B0131,20220607_0817_STTD_ICH,ICH,Ichthyoplankton,Menidia berylina,30,,4,L,L-Preflexion
YBFMP,6/7/2022,8:17,STTD,ES0622B0131,20220607_0817_STTD_ICH,ICH,Ichthyoplankton,Menidia berylina,30,,4,L,L-Preflexion
YBFMP,6/7/2022,8:17,STTD,ES0622B0131,20220607_0817_STTD_ICH,ICH,Ichthyoplankton,Menidia berylina,30,,4,L,L-Preflexion
YBFMP,6/7/2022,8:17,STTD,ES0622B0131,20220607_0817_STTD_ICH,ICH,Ichthyoplankton,Menidia berylina,30,,4,L,L-Preflexion
YBFMP,6/7/2022,8:17,STTD,ES0622B0131,20220607_0817_STTD_ICH,ICH,Ichthyoplankton,Menidia berylina,30,,4,L,L-Preflexion
YBFMP,6/7/2022,8:17,STTD,ES0622B0131,20220607_0817_STTD_ICH,ICH,Ichthyoplankton,Menidia berylina,30,,4,L,L-Preflexion
YBFMP,6/7/2022,8:17,STTD,ES0622B0131,20220607_0817_STTD_ICH,ICH,Ichthyoplankton,Menidia berylina,30,,4,L,L-Preflexion
YBFMP,6/7/2022,8:17,STTD,ES0622B0131,20220607_0817_STTD_ICH,ICH,Ichthyoplankton,Dorosoma petenense,13,,5,L,L-Preflexion
YBFMP,6/7/2022,8:17,STTD,ES0622B0131,20220607_0817_STTD_ICH,ICH,Ichthyoplankton,Dorosoma petenense,13,,5.5,L,L-Preflexion
YBFMP,6/7/2022,8:17,STTD,ES0622B0131,20220607_0817_STTD_ICH,ICH,Ichthyoplankton,Dorosoma petenense,13,,6,L,L-Preflexion
YBFMP,6/7/2022,8:17,STTD,ES0622B0131,20220607_0817_STTD_ICH,ICH,Ichthyoplankton,Dorosoma petenense,13,,4.5,L,L-Preflexion
YBFMP,6/7/2022,8:17,STTD,ES0622B0131,20220607_0817_STTD_ICH,ICH,Ichthyoplankton,Dorosoma petenense,13,,4.5,L,L-Preflexion
YBFMP,6/7/2022,8:17,STTD,ES0622B0131,20220607_0817_STTD_ICH,ICH,Ichthyoplankton,Dorosoma petenense,13,,5,L,L-Preflexion
YBFMP,6/7/2022,8:17,STTD,ES0622B0131,20220607_0817_STTD_ICH,ICH,Ichthyoplankton,Dorosoma petenense,13,,5,L,L-Preflexion
YBFMP,6/7/2022,8:17,STTD,ES0622B0131,20220607_0817_STTD_ICH,ICH,Ichthyoplankton,Dorosoma petenense,13,,5,L,L-Preflexion
YBFMP,6/7/2022,8:17,STTD,ES0622B0131,20220607_0817_STTD_ICH,ICH,Ichthyoplankton,Dorosoma petenense,13,,4,L,L-Preflexion
YBFMP,6/7/2022,8:17,STTD,ES0622B0131,20220607_0817_STTD_ICH,ICH,Ichthyoplankton,Dorosoma petenense,13,,4,L,L-Preflexion
YBFMP,6/7/2022,8:17,STTD,ES0622B0131,20220607_0817_STTD_ICH,ICH,Ichthyoplankton,Dorosoma petenense,13,,4,L,L-Preflexion
YBFMP,6/7/2022,8:17,STTD,ES0622B0131,20220607_0817_STTD_ICH,ICH,Ichthyoplankton,Dorosoma petenense,13,,4.5,L,L-Preflexion
YBFMP,6/7/2022,8:17,STTD,ES0622B0131,20220607_0817_STTD_ICH,ICH,Ichthyoplankton,Dorosoma petenense,13,,4,L,L-Preflexion
YBFMP,6/21/2022,8:09,STTD,ES0622B0139,20220621_0809_STTD_ICH,ICH,Ichthyoplankton,Menidia berylina,12,,4,L,L-Preflexion
YBFMP,6/21/2022,8:09,STTD,ES0622B0139,20220621_0809_STTD_ICH,ICH,Ichthyoplankton,Menidia berylina,12,,4,L,L-Preflexion
YBFMP,6/21/2022,8:09,STTD,ES0622B0139,20220621_0809_STTD_ICH,ICH,Ichthyoplankton,Menidia berylina,12,,4.5,L,L-Preflexion
YBFMP,6/21/2022,8:09,STTD,ES0622B0139,20220621_0809_STTD_ICH,ICH,Ichthyoplankton,Menidia berylina,12,,4.5,L,L-Preflexion
YBFMP,6/21/2022,8:09,STTD,ES0622B0139,20220621_0809_STTD_ICH,ICH,Ichthyoplankton,Menidia berylina,12,,4.5,L,L-Preflexion
YBFMP,6/21/2022,8:09,STTD,ES0622B0139,20220621_0809_STTD_ICH,ICH,Ichthyoplankton,Menidia berylina,12,,4.5,L,L-Preflexion
YBFMP,6/21/2022,8:09,STTD,ES0622B0139,20220621_0809_STTD_ICH,ICH,Ichthyoplankton,Menidia berylina,12,,5,L,L-Preflexion
YBFMP,6/21/2022,8:09,STTD,ES0622B0139,20220621_0809_STTD_ICH,ICH,Ichthyoplankton,Menidia berylina,12,,5,L,L-Preflexion
YBFMP,6/21/2022,8:09,STTD,ES0622B0139,20220621_0809_STTD_ICH,ICH,Ichthyoplankton,Menidia berylina,12,,4,L,L-Preflexion
YBFMP,6/21/2022,8:09,STTD,ES0622B0139,20220621_0809_STTD_ICH,ICH,Ichthyoplankton,Menidia berylina,12,,4,L,L-Preflexion
YBFMP,6/21/2022,8:09,STTD,ES0622B0139,20220621_0809_STTD_ICH,ICH,Ichthyoplankton,Menidia berylina,12,,4,L,L-Preflexion
YBFMP,6/21/2022,8:09,STTD,ES0622B0139,20220621_0809_STTD_ICH,ICH,Ichthyoplankton,Menidia berylina,12,,4,L,L-Preflexion
YBFMP,6/21/2022,8:09,STTD,ES0622B0139,20220621_0809_STTD_ICH,ICH,Ichthyoplankton,Dorosoma petenense,1,,7,L,L-Preflexion
YBFMP,1/3/2023,11:00,STTD,ES0122B0037,20230103_1100_STTD_ICH,ICH,Ichthyoplankton,No Catch,0,,NA,NA,
YBFMP,1/12/2023,10:10,STTD,ES0123B0046,20230112_1010_STTD_ICH,ICH,Ichthyoplankton,No Catch,0,,NA,NA,
YBFMP,1/17/2023,12:18,STTD,ES0123B0055,20230117_1218_STTD_ICH,ICH,Ichthyoplankton,Gambusia affinis,1,,26,NA,
YBFMP,1/17/2023,12:18,STTD,ES0123B0055,20230117_1218_STTD_ICH,ICH,Ichthyoplankton,Oncorhynchus tshawytscha,2,,35,NA,
YBFMP,1/17/2023,12:18,STTD,ES0123B0055,20230117_1218_STTD_ICH,ICH,Ichthyoplankton,Oncorhynchus tshawytscha,2,,35,NA,
YBFMP,1/24/2023,10:28,STTD,ES0123B0064,20230124_1028_STTD_ICH,ICH,Ichthyoplankton,No Catch,0,,NA,NA,
YBFMP,1/30/2023,9:52,STTD,ES0123B0073,20230130_0952_STTD_ICH,ICH,Ichthyoplankton,No Catch,0,,NA,NA,
