PhysicalDataID,LarvalDataID,ConditionCode,StartTime,StopTime,2ndStartTime_East,2ndStopTime_East,SetTime,LarvalStartMeter,LarvalEndMeter,LarvalStartMeter_Mid_West,LarvalEndMeter_Mid_West,LarvalStartMeter_Near_West,LarvalEndMeter_Near_West,LarvalStartMeter_Mid_East,LarvalEndMeter_Mid_East,LarvalStartMeter_Near_East,LarvalEndMeter_Near_East,LarvalStartMeter_Mid_Bottom,LarvalEndMeter_Mid_Bottom,Bottom_StartTime,FlowMeterSpeed,FieldComments,EnteredBy,QA/QC'dBy,LarvalCode,SampleVolume
36,1,1,9:53,10:03,,,10,627710,637302,,,,,,,,,,,,Regular,SHRP 002,,nikemiyagi,12-002,75.30
28,2,1,9:53,10:03,,,10,170556,190003,,,,,,,,,,,,Regular,STTDL 007,,nikemiyagi,22-007,153.00
39,3,1,7:53,8:03,,,10,272231,277704,,,,,,,,,,,,Regular,SHRL 011,,nikemiyagi,12-011,43.00
30,4,1,10:00,10:10,,,10,304434,330920,,,,,,,,,,,,Regular,STTDL 013,,nikemiyagi,22-013,207.92
49,5,1,7:57,8:07,,,10,361975,366552,,,,,,,,,,,,Regular,SHRL 015,,nikemiyagi,12-015,36.00
11,6,,9:43,9:53,,,10,366570,382257,,,,,,,,,,,,Regular,STTDL 015,,nikemiyagi,22-015,123.00
32,7,,9:28,9:38,,,10,405980,427611,,,,,,,,,,,,Regular,STTDL 017,,nikemiyagi,22-017,170.00
13,8,,9:38,9:51,,,13,447619,465176,,,,,,,,,,,,Regular,c 550,,nikemiyagi,22-019,106.00
14,9,,9:49,10:59,,,,465186,465199,,,,,,,,,,,,Regular,STTD 020   (flow broken) NI,,nikemiyagi,22-020,0.10
50,10,,7:50,8:00,,,10,475432,475439,,,,,,,,,,,,Regular,SHRL 018  only 7 turns?  NI,,nikemiyagi,12-018,0.06
16,11,,13:23,13:33,,,10,508928,509338,,,,,,,,,,,,Regular,22023   only 7 turns?  NI; tow,,nikemiyagi,22-023,3.00
17,12,,12:10,12:20,,,10,509236,509337,,,,,,,,,,,,Regular,22024  check fluid / Flow meter broken (only 101 turns); tow,,nikemiyagi,22-024,1.00
3,13,,13:04,13:14,,,10,,,,,,,,,,,,,,,22025  check fluid / flowmeter broken,,nikemiyagi,22-025,0.00
2,14,,10:14,10:24,,,10,31375,51450,,,,,,,,,,,,Regular,22026; tow,,nikemiyagi,22-026,158.00
18,15,,11:25,11:35,,,10,68686,86467,,,,,,,,,,,,Regular,22027,,nikemiyagi,22-027,140.00
19,16,,10:13,10:23,,,10,86472,108705,,,,,,,,,,,,Regular,22028  tow; flood,,nikemiyagi,22-028,175.00
20,17,,10:45,10:55,,,10,132120,153672,,,,,,,,,,,,Regular,22029,,nikemiyagi,22-029,169.00
21,18,,10:05,10:15,,,10,168517,191612,,,,,,,,,,,,Regular,22030; tow,,nikemiyagi,22-030,181.00
22,19,,10:41,10:51,,,10,191635,206039,,,,,,,,,,,,Regular,22031,,nikemiyagi,22-031,113.00
23,20,,9:50,10:00,,,10,220088,240467,,,,,,,,,,,,Regular,22032,,nikemiyagi,22-032,160.00
4,21,,9:35,9:45,,,10,240464,263877,,,,,,,,,,,,Regular,22033,,nikemiyagi,22-033,184.00
24,22,,11:50,12:00,,,10,286654,308478,,,,,,,,,,,,Regular,22034  Tow/upstream on flood,,nikemiyagi,22-034,171.00
51,23,,8:26,8:36,,,10,108678,132092,,,,,,,,,,,,Regular,12019,,nikemiyagi,12-019,184.00
52,24,,9:52,10:02,,,10,263896,286608,,,,,,,,,,,,Regular,TOW,,nikemiyagi,12-021,178.00
56,25,,11:05,11:30,,,,478222,484217,,,,,,,,,,,,Regular,,,,,
57,26,,10:45,11:15,,,30,484213,513976,,,,,,,,,,,,Regular,,,,,
60,27,,11:52,12:02,,,10,657153,689845,,,,,,,,,,,,Regular,YL00001,,,22-101,257.00
68,30,,10:49,10:59,,,10,898950,907928,,,,,,,,,,,,Regular,SL00-001,,,12-101,70.00
61,32,,11:40,11:50,,,10,825502,845914,,,,,,,,,,,,Regular,YL00-002,,,22-102,160.00
62,33,,8:49,,,,0,907936,933226,,,,,,,,,,,,Regular,,,,,
63,34,1,9:21,9:31,,,10,513889,543285,,,,,,,,,,,,Regular,,,,,
70,36,,10:17,10:27,,,10,933374,953118,,,,,,,,,,,,Regular,,,,22-104,155.00
69,37,,11:00,11:10,,,10,953162,976431,,,,,,,,,,,,Regular,,,,22-105,183.00
71,42,,11:02,11:12,,,10,821433,831582,,,,,,,,,,,,Regular,Flowmeter #:B16452,,,22-201,72.00
73,43,,12:49,12:59,,,10,302775,306527,,,,,,,,,,,,Regular,,,,22-202,71.00
77,44,1,10:47,10:57,,,10,649240,673404,,,,,,,,,,,,Regular,,,,22-203,108.00
83,45,2,10:01,10:11,,,10,324997,325007,,,,,,,,,,,,Regular,flow meter did not spin,,,,
91,46,1,11:41,11:49,,,8,673647,677813,,,,,,,,,,,,Regular,,,,22-205,23.00
86,47,1,9:35,9:45,,,10,677756,685655,,,,,,,,,,,,Regular,,,,22-206,45.00
88,48,1,11:12,11:22,,,10,686371,693943,,,,,,,,,,,,Regular,,,,22-207,51.00
79,49,1,13:26,13:36,,,10,831800,835163,,,,,,,,,,,,Regular,,,,12-201,19.00
80,50,1,14:05,14:15,,,10,290661,292007,,,,,,,,,,,,Regular,,,,12-202,10.00
81,51,1,17:14,17:24,,,10,648177,649756,,,,,,,,,,,,Regular,,,,12-203,22.00
82,52,1,14:00,14:10,,,10,673428,673465,,,,,,,,,,,,Regular,,,,12-204,7.00
84,53,1,14:08,14:18,,,10,673613,673645,,,,,,,,,,,,Regular,,,,12-205,3.00
85,54,,,,,,,,,,,,,,,,,,,,,,,,12-206,3.00
87,55,1,11:04,11:14,,,10,685667,686311,,,,,,,,,,,,Regular,Flow  rate should be ~.15 m/sec,,,12-207,3.00
89,56,1,9:30,9:40,,,10,,,,,,,,,,,,,,Regular,Flow low ~.10m/sec No flowmeter value,,,12-208,2.00
74,57,,8:50,9:00,,,10,,,,,,,,,,,,,,Regular,Flow too slow for meter ~ 0.8 m/sec,,,12-209,1.00
90,58,1,12:09,12:19,,,10,694000,698095,,,,,,,,,,,,Regular,,,,22-208,19.00
53,59,1,10:05,10:15,,,10,501268,600550,,,,,,,,,,,,Regular,plankton  SHRP0001  1 salmon caught  the meter value seemed swapped so changed N.I.,,,12-001,1085.94
72,60,,16:20,16:30,,,10,292164,302674,,,,,,,,,,,,Regular,,,,,
67,61,,,,,,,,,,,,,,,,,,,,,,,,,
66,62,,,,,,,,,,,,,,,,,,,,,,,,,
65,63,,,,,,,,,,,,,,,,,,,,,,,,,
64,64,,9:58,10:02,,,10,622014,634965,,,,,,,,,,,,Regular,,,,,
59,65,,,,,,,,,,,,,,,,,,,,,,,,,
58,66,,,,,,,,,,,,,,,,,,,,,,,,,
54,67,1,8:15,8:25,,,10,382274,387712,,,,,,,,,,,,Regular,SHRL 016,,,12-016,42.69
48,68,1,8:07,8:17,,,10,330931,336729,,,,,,,,,,,,Regular,SHRL 014,,,12-014,45.51
47,69,1,8:05,8:15,,,10,298753,304439,,,,,,,,,,,,Regular,SHRL 013,,,12-013,44.64
46,70,1,8:08,8:18,,,10,284908,291989,,,,,,,,,,,,Regular,SHRL 012,,,12-012,55.59
45,71,1,7:53,8:03,,,10,190019,200443,,,,,,,,,,,,Regular,SHRL 008,,,12-008,81.83
44,72,1,7:47,7:57,,,10,160056,170551,,,,,,,,,,,,Regular,SHRL 007,,,12-007,82.39
43,73,1,7:51,8:01,,,10,135590,146175,,,,,,,,,,,,Regular,SHRL 006,,,12-006,83.09
42,74,,8:15,8:25,,,10,937575,949033,,,,,,,,,,,,Regular,SHRL 005,,,12-005,89.95
41,75,1,8:01,8:11,,,10,911093,921750,,,,,,,,,,,,Regular,SHRL 004,,,12-004,83.66
40,76,1,8:28,8:38,,,10,885838,896439,,,,,,,,,,,,Regular,SHRL 003   Flow Meter # 12972,,,12-003,83.22
38,77,1,7:52,8:02,,,10,247745,256071,,,,,,,,,,,,Regular,SHRL 010,,,12-010,65.36
37,78,1,8:05,8:15,,,10,219700,228524,,,,,,,,,,,,Regular,SHRL 009,,,12-009,69.27
35,79,1,7:56,8:06,,,10,400580,405961,,,,,,,,,,,,Regular,SHRL 017,,,12-017,42.24
34,80,,,,,,,,,,,,,,,,,,,,,,,,22-001,990.69
33,81,,9:20,9:30,,,10,427576,447635,,,,,,,,,,,,Regular,STTD 018   Check label in bottle it may be marked wrong - IT DOES,,,22-018,157.46
31,82,,9:37,9:47,,,10,336720,361994,,,,,,,,,,,,Regular,STTDL 014,,,22-014,198.40
29,83,,9:35,9:45,,,10,200437,219692,,,,,,,,,,,,Regular,STTDL 008,,,22-008,151.15
27,84,,9:51,10:11,,,10,146182,160047,,,,,,,,,,,,Regular,,,,22-006,108.84
26,85,1,9:58,10:08,,,10,949060,962907,,,,,,,,,,,,Regular,STTDL 005,,,22-005,108.70
25,86,1,9:59,10:09,,,10,921744,937547,,,,,,,,,,,,Regular,STTDL 004,,,22-004,124.05
15,87,,10:53,11:03,,,10,465221,475438,,,,,,,,,,,,Regular,STTDL 021,,,22-021,80.20
12,88,,10:15,10:25,,,10,387745,400564,,,,,,,,,,,,Regular,STTDL 016,,,22-016,100.63
10,89,,10:10,10:20,,,10,291968,298777,,,,,,,,,,,,Regular,STTDL 012,,,22-012,53.45
9,90,,9:34,9:44,,,10,277707,284918,,,,,,,,,,,,Regular,STTDP 011,,,22-011,56.61
8,91,,9:35,9:45,,,10,256091,272241,,,,,,,,,,,,Regular,STTDL 010,,,22-010,126.78
7,92,,10:04,10:14,,,10,228528,247742,,,,,,,,,,,,Regular,STTDL 009,,,22-009,150.83
6,93,,11:33,11:43,,,10,896446,910682,,,,,,,,,,,,Regular,STTDL 003,,,22-003,111.75
5,94,,,,,,,,,,,,,,,,,,,,,,,,22-002,171.80
115,96,,,,,,,,,,,,,,,,,,,,,,,,,0.00
117,104,,8:40,8:50,,,10,482833,486985,,,,,,,,,,,,Regular,,,,12-301,31.53
119,105,,9:02,9:12,,,10,490641,495531,,,,,,,,,,,,Regular,flow meter from the 10 min zoop net,,,12-302,37.14
122,108,,8:35,8:45,,,10,500102,501634,,,,,,,,,,,,Regular,Dropped sample jar. Re-sampled on 4-5-2002; flow meter from the 10 min zoop,,,,
123,109,,10:00,10:10,,,10,506328,506328,,,,,,,,,,,,,,,,12-303,28.75
129,112,,8:28,8:48,,,20,513531,516172,,,,,,,,,,,,Regular,20 min zoop meter,,,12-306,20.06
133,114,,8:18,8:28,,,20,522052,529103,,,,,,,,,,,,Regular,20 min zoop meter,,,12-308,53.54
135,115,,8:55,9:15,,,20,529080,531194,,,,,,,,,,,,Low,,,,12-309,34.38
137,116,,8:50,9:10,,,20,531627,537639,,,,,,,,,,,,Regular,"based on 10 min zoop meter, end 534633",,,12-310,45.65
118,119,,10:40,10:50,,,10,487000,490637,,,,,,,,,,,,Regular,,,,22-301,27.60
120,120,,,,,,0,,,,,,,,,,,,,,,,,,22-302,34.28
128,124,,10:02,10:22,,,20,516174,517174,,,,,,,,,,,,Regular,,,,22-306,7.59
132,126,,11:25,11:45,,,10,529107,531199,,,,,,,,,,,,Regular,20 min zoop meter,,,22-308,15.85
134,127,,11:10,11:30,,,20,530116,533194,,,,,,,,,,,,Regular,,,,22-309,23.38
136,128,,11:10,11:30,,,20,534666,548044,,,,,,,,,,,,Regular,"10 min, 30 sec zoop meter end 541355",,,22-310,96.52
168,131,,8:35,8:55,,,20,541432,546500,,,,,,,,,,,,Regular,,,,12-311,38.48
169,134,,10:20,10:40,,,20,543971,558254,,,,,,,,,,,,Regular,,,jfrantzich,22-311,108.58
171,135,,10:05,10:25,,,20,555338,569142,,,,,,,,,,,,Regular,2x zoop meter,,,22-312,104.83
170,136,,8:25,8:45,,,20,551849,558811,,,,,,,,,,,,Regular,,,,12-321,52.87
160,150,,8:50,9:00,,,20,510145,511481,,,,,,,,,,,,Regular,flow meter from the 10 min zoop net,,,12-304,20.39
161,151,,11:10,11:30,,,20,511822,514124,,,,,,,,,,,,Regular,5 min set was used to get flow meter reading (end meter 512405),,,22-304,17.70
162,152,,8:41,9:01,,,20,512442,513656,,,,,,,,,,,,Regular,flow meter based off 10 min zoop,,,12-305,9.21
165,153,,11:25,11:45,,,20,515520,527360,,,,,,,,,,,,Regular,regular propeller; flow meter set at 11 minutes,,,22-307,90.00
163,154,,11:21,11:41,,,20,513110,513906,,,,,,,,,,,,Regular,flow meter from 10 min zoop,,,22-305,6.04
164,155,,8:40,9:00,,,20,514567,517189,,,,,,,,,,,,Low,low flow propeller: used different rotor constant; flow meter from 10 min set,,,12-307,42.65
224,157,1,10:00,10:10,,,10,109191,109352,,,,,,,,,,,,Low,Low Speed,,,,
227,158,1,9:35,9:45,,,10,71197,74505,,,,,,,,,,,,Regular,,,,,
229,159,1,11:45,12:45,,,10,74507,90332,,,,,,,,,,,,Regular,,,,,
230,160,1,9:44,9:54,,,10,19945,19956,,,,,,,,,,,,Low,Low Speed - Flow Meter,,,,
233,161,1,9:57,10:07,,,10,90332,90395,,,,,,,,,,,,Regular,,,,,
239,162,1,11:42,11:52,,,10,19811,19817,,,,,,,,,,,,Low,,,,,
241,163,1,11:50,12:00,,,10,90407,100204,,,,,,,,,,,,Regular,,,,,
243,165,1,13:54,14:04,,,10,108199,109082,,,,,,,,,,,,Low,,,,,
244,166,,10:30,10:40,,,10,104165,108196,,,,,,,,,,,,Low,,,,,
245,167,1,13:18,13:28,,,10,102670,104158,,,,,,,,,,,,Low,,,,,
246,168,1,11:30,11:40,,,10,98641,102472,,,,,,,,,,,,Low,,,,,
247,169,1,9:46,9:56,,,10,102503,102674,,,,,,,,,,,,Low,Very low flow,,,,
248,170,1,11:54,12:04,,,10,107105,124357,,,,,,,,,,,,Regular,,,,,
249,171,1,9:31,9:41,,,10,98592,107088,,,,,,,,,,,,Regular,,,,,
250,172,1,11:16,11:26,,,10,122493,135095,,,,,,,,,,,,Regular,,,,,
251,173,1,9:18,9:28,,,10,122483,124703,,,,,,,,,,,,Regular,,,,,
252,174,1,11:54,12:04,,,10,130582,135127,,,,,,,,,,,,Low,,,,,
253,175,1,9:35,9:45,,,10,135135,135192,,,,,,,,,,,,Low,,,,,
254,176,1,11:16,11:26,,,10,124417,128745,,,,,,,,,,,,Low,,,,,
255,177,1,9:15,9:25,,,10,128762,130566,,,,,,,,,,,,Low,,,,,
256,178,1,11:27,11:37,,,10,120519,123786,,,,,,,,,,,,Low,,,,,
257,179,1,9:10,9:20,,,10,123819,124400,,,,,,,,,,,,Low,,,,,
258,180,,9:23,9:33,,,10,116824,120529,,,,,,,,,,,,Low,,,,,
261,181,1,11:41,11:51,,,10,112545,116800,,,,,,,,,,,,Low,,,,,
262,182,1,9:12,9:22,,,10,110784,112541,,,,,,,,,,,,Low,,,,,
263,183,1,10:58,11:08,,,10,108107,110778,,,,,,,,,,,,Low,,,,,
264,184,1,9:17,9:27,,,10,106146,108098,,,,,,,,,,,,Low,,,,,
265,185,1,11:00,11:10,,,10,105287,106108,,,,,,,,,,,,Low,,,,,
266,186,1,11:46,11:56,,,10,102185,102851,,,,,,,,,,,,Low,,,,,
267,187,1,9:45,9:55,,,10,102856,105300,,,,,,,,,,,,Low,,,,,
228,188,1,9:42,9:52,,,10,19817,26831,,,,,,,,,,,,Regular,,,,,
234,189,1,12:27,12:37,,,10,26832,49262,,,,,,,,,,,,Regular,,,,,
238,190,1,9:42,9:51,,,930,49280,49828,,,,,,,,,,,,Regular,,,,,
225,191,,12:00,12:10,,,10,49823,71154,,,,,,,,,,,,Regular,,,,,
222,193,1,9:20,9:30,,,10,100208,100231,,,,,,,,,,,,Regular,,,,,
259,194,1,11:30,11:40,,,10,100232,107737,,,,,,,,,,,,Regular,,,,,
268,195,1,9:37,9:47,,,10,107044,107770,,,,,,,,,,,,Regular,,,,,
270,196,1,11:45,11:55,,,10,107767,115493,,,,,,,,,,,,Regular,,lrojas,,,
271,197,1,9:36,9:46,,,10,115493,115503,,,,,,,,,,,,Regular,,,,,
272,198,1,11:30,11:40,,,10,115888,115893,,,,,,,,,,,,Regular,,,,,
273,199,1,9:22,9:32,,,10,115895,115909,,,,,,,,,,,,Regular,Flowmeter hardly moving,,,,
274,200,1,11:23,11:33,,,10,115195,124610,,,,,,,,,,,,Regular,,,,,
275,201,1,10:41,10:51,,,10,123280,124598,,,,,,,,,,,,Low,,,,,
276,202,1,11:50,12:00,,,10,118925,123268,,,,,,,,,,,,Low,,,,,
277,203,1,9:26,9:36,,,10,118599,118940,,,,,,,,,,,,Regular,,,,,
278,204,1,11:15,11:25,,,10,114183,118599,,,,,,,,,,,,Regular,,,,,
279,205,1,9:21,9:31,,,10,113459,114189,,,,,,,,,,,,Low,,jfrantzich,,,
280,206,1,11:36,11:40,,,10,109355,113454,,,,,,,,,,,,Low,,lrojas,,,
281,208,1,9:26,9:36,,,10,101701,102150,,,,,,,,,,,,Low,,,,,
282,209,1,11:36,11:46,,,10,98114,101711,,,,,,,,,,,,Low,,lrojas,,,
283,210,1,9:18,9:28,,,10,96600,98100,,,,,,,,,,,,Low,,lrojas,,,
284,211,1,10:56,11:06,,,10,95769,96592,,,,,,,,,,,,Low,,lrojas,,,
285,212,1,11:07,11:12,,,5,102195,107824,,,,,,,,,,,,Regular,,lrojas,,,
286,213,1,9:25,9:35,,,10,95808,102194,,,,,,,,,,,,Regular,"mass of sediment bad pased into jar, small amt, may have spilled",lrojas,,,
287,214,1,9:20,9:30,,,10,107811,118500,,,,,,,,,,,,Regular,,lrojas,,,
288,215,1,11:26,11:36,,,10,118524,136104,,,,,,,,,,,,Regular,,lrojas,,,
289,216,1,11:30,11:35,,,5,140496,155197,,,,,,,,,,,,Regular,,lrojas,,,
290,217,1,9:48,9:58,,,10,136104,140496,,,,,,,,,,,,Regular,,lrojas,,,
292,218,1,12:50,13:00,,,10,167774,174354,,,,,,,,,,,,Regular,,lrojas,,,
293,219,1,11:18,11:23,,,5,155185,167522,,,,,,,,,,,,Regular,,,,,
294,220,1,11:18,11:28,,,10,184892,187703,,,,,,,,,,,,Regular,,lrojas,,,
295,221,1,9:37,9:42,,,5,174390,184894,,,,,,,,,,,,Regular,,,,,
296,222,1,9:29,9:39,,,10,187704,190837,,,,,,,,,,,,Regular,,,,,
298,223,1,9:07,9:17,,,10,190826,195630,,,,,,,,,,,,Regular,,lrojas,,,
299,224,1,11:04,11:09,,,5,195650,202154,,,,,,,,,,,,Regular,,lrojas,,,
300,225,1,11:50,12:00,,,10,204829,216563,,,,,,,,,,,,Regular,,lrojas,,,
301,226,1,9:21,9:31,,,10,202337,204797,,,,,,,,,,,,Regular,,lrojas,,,
302,227,1,11:30,11:40,,,10,216602,223675,,,,,,,,,,,,Regular,,lrojas,,,
303,228,1,9:22,9:32,,,10,216569,216592,,,,,,,,,,,,Regular,,lrojas,,,
304,229,1,12:17,12:27,,,10,225472,233144,,,,,,,,,,,,Regular,,,,,
305,230,1,10:17,10:27,,,10,223899,225431,,,,,,,,,,,,Regular,,lrojas,,,
306,231,1,11:19,11:24,,,5,227762,231171,,,,,,,,,,,,Low,,lrojas,,,
307,232,1,9:29,9:39,,,10,231175,233398,,,,,,,,,,,,Low,,,,,
308,233,1,9:11,9:21,,,10,225135,226912,,,,,,,,,,,,Low,,lrojas,,,
309,234,1,11:05,11:15,,,10,219514,225035,,,,,,,,,,,,Low,,lrojas,,,
310,235,1,11:30,11:40,,,10,214200,215902,,,,,,,,,,,,Low,,,,,
311,236,1,9:36,9:46,,,10,215924,219485,,,,,,,,,,,,Low,,,,,
312,237,1,9:48,9:58,,,10,210567,214174,,,,,,,,,,,,Low,,lrojas,,,
313,238,1,12:21,12:31,,,10,207608,210546,,,,,,,,,,,,Low,,lrojas,,,
317,239,1,14:09,14:19,,,10,622863,623699,,,,,,,,,,,,Regular,,,,,
320,241,1,10:01,10:11,,,10,0,910,,,,,,,,,,,,Regular,Meter Reset - Altered for volume calculation,,,,
321,242,1,12:42,12:52,,,10,663298,666418,,,,,,,,,,,,Regular,smaller net,,,,
322,243,1,13:24,13:34,,,10,7636,9005,,,,,,,,,,,,Regular,,,,,
324,244,,15:47,15:57,,,10,9918,14600,,,,,,,,,,,,Regular,,,,,
325,245,1,11:29,11:39,,,10,14605,14614,,,,,,,,,,,,Regular,,,,,
326,246,1,13:56,14:06,,,10,14623,14634,,,,,,,,,,,,Regular,,,,,
327,247,1,9:27,9:37,,,10,14628,14635,,,,,,,,,,,,Regular,,,,,
328,248,1,11:38,11:48,,,10,14639,14746,,,,,,,,,,,,Regular,,,,,
329,249,1,12:05,12:15,,,10,14757,19927,,,,,,,,,,,,Regular,,,,,
330,250,,13:40,13:50,,,10,19959,19963,,,,,,,,,,,,Regular,,,,,
331,251,1,10:50,11:00,,,10,19924,19960,,,,,,,,,,,,Regular,,,,,
335,252,,,,,,,,,,,,,,,,,,,,,not sample,,,,
337,253,1,11:15,11:25,,,10,618666,622689,,,,,,,,,,,,Regular,,,,,
339,254,2,9:13,9:23,,,10,618667,618704,,,,,,,,,,,,Regular,Not enough flow to run meter correctly,,,,
340,255,1,12:25,12:35,,,10,607622,618577,,,,,,,,,,,,Regular,,,,,
338,256,1,15:30,15:40,,,10,19922,19923,,,,,,,,,,,,Regular,,,,,
341,257,1,9:47,9:57,,,10,605798,607542,,,,,,,,,,,,Regular,,,,,
344,258,1,12:57,13:07,,,10,589975,605743,,,,,,,,,,,,Regular,,,,,
345,259,1,9:55,10:05,,,10,581609,589986,,,,,,,,,,,,Regular,,,,,
346,260,1,14:03,14:13,,,10,573416,581611,,,,,,,,,,,,Regular,,,,,
347,261,1,12:10,12:20,,,10,558286,573280,,,,,,,,,,,,Regular,,,,,
352,262,1,12:58,13:04,,,6,539751,558277,,,,,,,,,,,,Regular,,,,,
353,263,1,10:46,10:57,,,11,525495,539460,,,,,,,,,,,,Regular,,,,,
354,264,1,11:38,11:48,,,10,498321,525173,,,,,,,,,,,,Regular,,,,,
355,265,1,9:26,9:36,,,10,484298,497982,,,,,,,,,,,,Regular,,,,,
358,266,1,11:36,11:46,,,10,459567,484290,,,,,,,,,,,,Regular,,,,,
359,267,1,9:35,9:45,,,10,441790,453321,,,,,,,,,,,,Regular,,,,,
360,268,1,11:13,11:23,,,10,395557,428911,,,,,,,,,,,,Regular,,,,,
361,269,1,13:48,13:58,,,10,428918,441785,,,,,,,,,,,,Regular,,,,,
362,270,1,10:45,10:55,,,10,364841,395548,,,,,,,,,,,,Regular,,,,,
363,271,1,9:16,9:21,,,10,353870,364818,,,,,,,,,,,,Regular,,,,,
364,272,1,11:15,11:20,,,5,339919,353664,,,,,,,,,,,,Regular,,,,,
365,273,1,9:18,9:28,,,10,310049,322805,,,,,,,,,,,,Regular,,,,,
366,274,,9:40,9:50,,,10,289738,295437,,,,,,,,,,,,Regular,,,,,
369,275,1,14:42,14:52,,,10,283502,289622,,,,,,,,,,,,Regular,,,,,
370,276,1,11:11,11:21,,,10,263445,283394,,,,,,,,,,,,Regular,,,,,
371,277,1,12:08,12:18,,,10,235472,263288,,,,,,,,,,,,Regular,,,,,
372,278,1,9:42,9:52,,,10,226196,235374,,,,,,,,,,,,Regular,,,,,
373,279,1,9:34,9:44,,,10,188272,196470,,,,,,,,,,,,Regular,,,,,
374,280,,12:05,12:15,,,10,196653,226191,,,,,,,,,,,,Regular,,,,,
375,281,1,9:56,10:06,,,10,148495,159871,,,,,,,,,,,,Regular,,,,,
376,282,1,12:12,12:22,,,10,159949,188246,,,,,,,,,,,,Regular,,,,,
377,283,1,11:54,12:04,,,10,117658,148490,,,,,,,,,,,,Regular,"Two small fish in sample, one was a chinook salmon",,,,
378,284,1,9:18,9:28,,,10,103950,117269,,,,,,,,,,,,Regular,,,,,
379,285,1,10:56,11:07,,,10,77180,103961,,,,,,,,,,,,Regular,,,,,
380,286,1,14:20,14:30,,,10,152977,171118,,,,,,,,,,,,Regular,,,,,
381,287,,15:15,15:25,,,10,142199,152959,,,,,,,,,,,,Regular,,,,,
382,288,1,11:14,11:24,,,10,135596,149299,,,,,,,,,,,,Regular,,,,,
383,289,1,10:50,11:00,,,10,132056,135594,,,,,,,,,,,,Regular,,,,,
384,290,1,13:05,13:15,,,10,129352,132043,,,,,,,,,,,,Regular,Very low flow,,,,
385,291,1,14:07,14:17,,,10,125662,129355,,,,,,,,,,,,Regular,,,,,
389,292,1,13:40,13:50,,,10,117373,125650,,,,,,,,,,,,Regular,,,,,
390,293,1,11:40,11:50,,,10,109426,117389,,,,,,,,,,,,Regular,,,,,
391,294,,10:04,10:14,,,10,105559,109423,,,,,,,,,,,,Regular,,,,,
407,295,1,12:10,12:20,,,10,171237,178775,,,,,,,,,,,,Regular,,,,,
408,296,1,14:24,14:34,,,10,178770,185958,,,,,,,,,,,,Regular,,,,,
409,297,1,13:41,13:51,,,10,185962,200452,,,,,,,,,,,,Regular,,,,,
410,298,1,10:55,11:05,,,10,200643,206051,,,,,,,,,,,,Regular,,,,,
411,299,,,,,,,206078,,,,,,,,,,,,,Regular,,,,,
413,300,,14:30,14:40,,,10,,,,,,,,,,,,,,Regular,,,,,
414,301,,10:30,10:40,,,10,485229,488294,,,,,,,,,,,,Low,No flow meter,,,,
415,302,1,15:30,15:40,,,10,16416,26208,,,,,,,,,,,,Regular,Flowmeter leaking water,,,,
416,303,1,11:35,11:45,,,10,26205,44651,,,,,,,,,,,,Regular,,,,,
417,304,1,15:50,16:00,,,10,54382,63343,,,,,,,,,,,,Regular,,,,,
418,305,1,14:10,14:20,,,10,44849,54383,,,,,,,,,,,,Regular,,,,,
419,306,1,16:00,16:10,,,10,67542,88281,,,,,,,,,,,,Regular,,,,,
420,307,1,10:22,10:32,,,10,540000,541995,,,,,,,,,,,,Regular,Drift flowmeter used,,,,
421,308,1,13:25,13:35,,,10,88282,94051,,,,,,,,,,,,Regular,,,,,
422,309,1,14:30,14:40,,,10,113348,117646,,,,,,,,,,,,Regular,,,,,
423,310,1,12:15,12:25,,,10,94050,113350,,,,,,,,,,,,Regular,,,,,
424,311,1,14:30,14:40,,,10,117642,126881,,,,,,,,,,,,Regular,,,,,
425,312,,13:33,13:44,,,10,126878,128064,,,,,,,,,,,,Regular,,,,,
426,313,,15:25,15:35,,,10,139756,141810,,,,,,,,,,,,Regular,,,,,
427,314,,11:30,11:40,,,10,128058,139755,,,,,,,,,,,,Regular,,,,,
428,315,,13:05,13:15,,,10,141798,145414,,,,,,,,,,,,Regular,,,,,
429,316,,14:15,14:25,,,10,145410,149458,,,,,,,,,,,,Regular,,,,,
430,317,,12:50,13:00,,,10,149455,161035,,,,,,,,,,,,Regular,,,,,
431,318,,12:50,13:00,,,10,161022,173150,,,,,,,,,,,,Regular,,,,,
432,319,1,15:55,16:05,,,10,177799,183473,,,,,,,,,,,,Low,,,,,
433,320,1,14:20,14:30,,,10,173148,177805,,,,,,,,,,,,Low,,,,,
434,321,,10:40,10:50,,,10,249386,258295,,,,,,,,,,,,Regular,Flow meter stuck - used Drift Flowmeter value,,,,
435,322,,12:50,13:00,,,10,97244,107849,,,,,,,,,,,,Low,,,,,
436,323,,15:30,15:40,,,10,97244,96812,,,,,,,,,,,,Low,,,,,
437,324,,15:00,15:10,,,10,96805,94669,,,,,,,,,,,,Low,Low flow prop,,,,
438,325,1,10:30,10:40,,,10,90195,94669,,,,,,,,,,,,Regular,,,,,
439,326,1,12:00,12:10,,,10,85138,90198,,,,,,,,,,,,Low,,,,,
440,327,,11:15,11:25,,,10,80281,85142,,,,,,,,,,,,Low,Low flow propeller,,,,
441,328,,13:34,13:44,,,10,77141,80280,,,,,,,,,,,,Low,,,,,
442,329,,14:30,14:40,,,10,77141,77119,,,,,,,,,,,,Low,,,,,
445,331,1,9:16,9:26,,,10,207680,209914,,,,,,,,,,,,Regular,,lrojas,jjenkins,,
446,332,1,11:03,11:13,,,10,209918,218182,,,,,,,,,,,,Regular,,lrojas,jjenkins,,
447,333,1,11:40,11:50,,,10,227147,230883,,,,,,,,,,,,Regular,,lrojas,jjenkins,,
448,334,1,9:37,9:47,,,10,218188,221475,,,,,,,,,,,,Regular,,lrojas,jjenkins,,
449,335,1,8:55,9:05,,,10,230906,233332,,,,,,,,,,,,Regular,,lrojas,jjenkins,,
450,336,1,10:36,10:46,,,10,233333,241694,,,,,,,,,,,,Regular,,lrojas,jjenkins,,
451,337,1,8:45,8:55,,,10,241713,245395,,,,,,,,,,,,Regular,,lrojas,jjenkins,,
452,338,1,10:30,10:40,,,10,245383,256699,,,,,,,,,,,,Regular,,lrojas,jjenkins,,
453,339,1,10:17,10:27,,,10,262736,276287,,,,,,,,,,,,Regular,,lrojas,jjenkins,,
454,340,1,8:38,8:48,,,10,257049,262726,,,,,,,,,,,,Regular,,lrojas,jjenkins,,
455,341,1,12:02,12:07,,,5,283156,287556,,,,,,,,,,,,Regular,,lrojas,jjenkins,,
456,342,1,10:23,10:28,,,5,276401,282192,,,,,,,,,,,,Regular,,lrojas,jjenkins,,
457,343,1,9:51,10:01,,,10,287727,298855,,,,,,,,,,,,Regular,,lrojas,jjenkins,,
458,344,1,12:48,12:58,,,10,298855,306585,,,,,,,,,,,,Regular,,lrojas,jjenkins,,
459,345,1,10:14,10:24,,,10,139463,144444,,,,,,,,,,,,Regular,,lrojas,jjenkins,,
460,346,1,12:25,12:30,,,5,144878,147681,,,,,,,,,,,,Regular,,lrojas,jjenkins,,
461,347,1,8:47,8:57,,,10,55,7104,,,,,,,,,,,,Regular,,lrojas,jjenkins,,
462,348,1,11:24,11:34,,,10,13313,26354,,,,,,,,,,,,Regular,,lrojas,jjenkins,,
463,349,1,10:44,10:54,,,10,33396,42934,,,,,,,,,,,,Regular,,lrojas,jjenkins,,
464,350,1,8:47,8:57,,,10,26415,33227,,,,,,,,,,,,Regular,,lrojas,jjenkins,,
465,351,1,9:08,9:18,,,10,43275,49545,,,,,,,,,,,,Regular,,lrojas,jjenkins,,
466,352,1,10:56,11:06,,,10,49924,56914,,,,,,,,,,,,Regular,,lrojas,jjenkins,,
467,353,1,8:35,8:45,,,10,57159,63015,,,,,,,,,,,,Regular,,lrojas,jjenkins,,
468,354,1,10:20,10:30,,,10,63026,73592,,,,,,,,,,,,Regular,,lrojas,jjenkins,,
469,355,1,8:47,8:57,,,10,73563,80656,,,,,,,,,,,,Regular,,lrojas,jjenkins,,
470,356,1,10:30,10:40,,,10,80666,90515,,,,,,,,,,,,Regular,,lrojas,jjenkins,,
367,357,1,11:18,11:28,,,10,295452,309671,,,,,,,,,,,,Regular,,,,,
472,358,1,11:07,11:17,,,10,108161,115483,,,,,,,,,,,,Regular,,lrojas,jjenkins,,
473,359,1,9:19,9:29,,,10,105043,108159,,,,,,,,,,,,Regular,,lrojas,jjenkins,,
477,360,1,8:40,8:50,,,10,90789,97519,,,,,,,,,,,,Regular,,lrojas,jjenkins,,
478,361,1,10:25,10:35,,,10,97520,104920,,,,,,,,,,,,Regular,,lrojas,jjenkins,,
480,362,,10:07,10:17,,,10,119091,124330,,,,,,,,,,,,Regular,,lrojas,jjenkins,,
481,363,,8:20,8:30,,,10,115470,119036,,,,,,,,,,,,Regular,,lrojas,jjenkins,,
484,364,1,10:50,11:00,,,10,150,8414,,,,,,,,,,,,Regular,"NEW NET 29"" inside Diam.  (Install TEMP Logger)",,,,
485,365,1,12:45,12:55,,,10,8485,36145,,,,,,,,,,,,Regular,,,,,
486,366,1,13:25,13:35,,,10,42084,58045,,,,,,,,,,,,Regular,,,,,
487,367,1,9:38,9:48,,,10,37704,91731,,,,,,,,,,,,Regular,,,,,
488,368,1,11:40,11:50,,,10,60689,69101,,,,,,,,,,,,Regular,,,,,
489,369,1,9:30,9:40,,,10,58048,60668,,,,,,,,,,,,Regular,,,,,
490,370,1,13:00,13:10,,,10,78295,95312,,,,,,,,,,,,Regular,,,,,
491,371,1,10:00,10:10,,,10,69130,78291,,,,,,,,,,,,Regular,2 juvenile wild chinook around 30mm caught in sample & released,,,,
492,372,1,12:50,13:00,,,10,71291,71827,,,,,,,,,,,,Regular,Used zoop flowmeter,,,,
493,373,1,11:20,11:30,,,10,109597,140340,,,,,,,,,,,,Regular,,,,,
496,374,1,12:35,12:45,,,10,141250,158524,,,,,,,,,,,,Regular,,,,,
497,375,1,10:00,10:10,,,10,140343,141048,,,,,,,,,,,,Regular,,,,,
499,378,1,10:00,10:10,,,10,128309,135951,,,,,,,,,,,,Regular,,lrojas,jjenkins,,
500,379,1,8:20,8:30,,,10,124352,128245,,,,,,,,,,,,Regular,REGULAR,lrojas,jjenkins,,
502,380,,9:58,10:08,,,10,475446,494609,,,,,,,,,,,,Regular,STTDL 022; tow,,,,
503,381,1,10:12,10:22,,,10,140375,144181,,,,,,,,,,,,Regular,,lrojas,jjenkins,,
504,382,1,8:24,8:34,,,10,136102,140344,,,,,,,,,,,,Regular,,lrojas,jjenkins,,
505,383,1,10:32,10:42,,,10,172000,176489,,,,,,,,,,,,Regular,Regular flow meter speed,lrojas,jjenkins,,
506,384,1,8:15,8:25,,,10,163500,167798,,,,,,,,,,,,Regular,Regular flow meter speed,lrojas,jjenkins,,
176,385,,8:37,8:47,,,10,490385,503688,,,,,,,,,,,,,No start or stop time on data sheet.,,,,
177,386,,11:24,11:34,,,10,628880,652824,,,,,,,,,,,,Regular,,,,,
178,387,,9:25,9:35,,,10,527066,542542,,,,,,,,,,,,Regular,,,,,
204,388,,11:50,12:00,,,10,542534,566103,,,,,,,,,,,,Regular,,,,,
179,389,,9:08,9:18,,,10,566099,582560,,,,,,,,,,,,Regular,,,,,
180,390,,11:25,11:35,,,10,583055,608478,,,,,,,,,,,,Regular,dirty samples,,,,
554,391,1,10:20,10:30,,,10,154000,159753,,,,,,,,,,,,Regular,regular flow meter (unless it's noted),lrojas,jjenkins,,
555,392,1,8:23,8:33,,,10,145000,149447,,,,,,,,,,,,Regular,regular flow meter (unless it's noted),lrojas,jjenkins,,
556,393,2,9:57,10:07,,,10,192000,192308,,,,,,,,,,,,Regular,"Near Slack Tide, Low Flow (2)",lrojas,jjenkins,,
557,394,1,8:14,8:24,,,10,182000,187085,,,,,,,,,,,,Regular,,lrojas,jjenkins,,
558,395,1,10:39,10:49,,,10,196802,205893,,,,,,,,,,,,Regular,Regular flow meter speed,lrojas,jjenkins,,
559,396,,8:25,8:35,,,10,192255,196565,,,,,,,,,,,,Regular,Regular flow meter speed,lrojas,jjenkins,,
560,397,1,8:26,8:36,,,10,206000,209441,,,,,,,,,,,,Regular,Regular Flow Meter,lrojas,jjenkins,,
561,398,1,10:36,10:46,,,10,213000,219771,,,,,,,,,,,,Regular,Regular Flow Meter,lrojas,jjenkins,,
562,399,1,8:27,8:37,,,10,165,1200,,,,,,,,,,,,Low,Low Speed Flow Meter Count Backwards  (Flow Meter Sticky),lrojas,jjenkins,,
563,400,1,10:21,10:31,,,10,996118,999000,,,,,,,,,,,,Low,Low Speed Flow Meter Count Backwards,lrojas,jjenkins,,
564,401,1,8:13,8:23,,,10,994227,996000,,,,,,,,,,,,Low,Low Speed Flow Meter,lrojas,jjenkins,,
565,402,1,9:56,10:06,,,10,990405,994000,,,,,,,,,,,,Low,Low Speed Flow Meter  USED MOTOR / FLOODTIDE / DROVE UPSTREAM,lrojas,jjenkins,,
566,403,1,8:28,8:38,,,10,988314,990000,,,,,,,,,,,,Low,Low Speed Flow Meter,lrojas,jjenkins,,
567,404,1,10:38,10:48,,,10,983972,988000,,,,,,,,,,,,Low,Low Speed Flow Meter,lrojas,jjenkins,,
568,405,1,10:32,10:42,,,10,978438,983500,,,,,,,,,,,,Low,Low Speed Flow Meter  Motor Used,lrojas,jjenkins,,
569,406,2,8:34,8:44,,,10,983709,984000,,,,,,,,,,,,Low,Low Speed Flow Meter  Note: Condition 2 -> Extra Boat Tied Up at SHR Dock,lrojas,jjenkins,,
570,407,1,8:27,8:37,,,10,977998,979000,,,,,,,,,,,,Low,Low Speed Flow Meter,,,,
571,408,1,10:21,10:31,,,10,973214,977800,,,,,,,,,,,,Low,Low Speed Flow Meter (StartMeter - EndMeter),lrojas,rfichman,,
572,409,1,11:03,11:13,,,10,964324,970300,,,,,,,,,,,,Low,,lrojas,rfichman,,
573,410,1,8:45,8:55,,,10,870285,973000,,,,,,,,,,,,Low,,lrojas,rfichman,,
574,411,1,11:00,11:10,,,10,962887,965000,,,,,,,,,,,,Low,,lrojas,rfichman,,
575,412,1,8:46,8:56,,,10,964500,965016,,,,,,,,,,,,Regular,,lrojas,rfichman,,
577,413,1,11:29,11:39,,,10,957107,958400,,,,,,,,,,,,Low,,lrojas,rfichman,,
578,414,1,9:10,9:20,,,10,958189,962730,,,,,,,,,,,,Low,,lrojas,rfichman,,
579,415,1,10:46,10:56,,,10,955705,957090,,,,,,,,,,,,Low,,lrojas,rfichman,,
580,416,1,9:02,9:12,,,10,956900,956998,,,,,,,,,,,,Regular,,lrojas,rfichman,,
581,417,1,7:55,8:05,,,10,953317,955640,,,,,,,,,,,,Low,,lrojas,rfichman,,
582,418,1,10:07,10:17,,,10,948565,953300,,,,,,,,,,,,Low,,lrojas,rfichman,,
583,419,1,10:00,10:10,,,10,923737,927500,,,,,,,,,,,,Low,,lrojas,rfichman,,
584,420,1,8:25,8:35,,,10,927615,930000,,,,,,,,,,,,Low,,lrojas,rfichman,,
585,421,1,8:33,8:43,,,10,941989,948500,,,,,,,,,,,,Low,,lrojas,rfichman,,
586,422,1,10:29,10:39,,,10,938618,941700,,,,,,,,,,,,Low,,lrojas,rfichman,,
587,423,1,10:05,10:15,,,10,929313,935000,,,,,,,,,,,,Low,,lrojas,rfichman,,
589,425,1,8:03,8:13,,,10,934665,938600,,,,,,,,,,,,Low,,lrojas,rfichman,,
590,426,1,8:47,8:57,,,10,922400,924000,,,,,,,,,,,,Low,,lrojas,jjenkins,,
591,427,1,10:20,10:30,,,10,919992,922000,,,,,,,,,,,,Low,,lrojas,jjenkins,,
592,428,1,11:57,12:07,,,10,914945,916000,,,,,,,,,,,,Low,,lrojas,jjenkins,,
593,429,1,8:28,8:38,,,10,916728,920000,,,,,,,,,,,,Low,,lrojas,jjenkins,,
594,430,1,8:11,8:21,,,10,911795,915000,,,,,,,,,,,,Low,,lrojas,jjenkins,,
595,431,1,10:27,10:37,,,10,909980,911000,,,,,,,,,,,,Low,,lrojas,jjenkins,,
596,432,1,10:58,11:08,,,10,907991,908400,,,,,,,,,,,,Low,,lrojas,jjenkins,,
597,433,1,8:37,8:47,,,10,908442,910000,,,,,,,,,,,,Low,,lrojas,jjenkins,,
598,434,1,10:02,10:12,,,10,903646,905300,,,,,,,,,,,,Low,,lrojas,jjenkins,,
599,435,1,7:55,8:05,,,10,905366,907900,,,,,,,,,,,,Low,,lrojas,jjenkins,,
600,436,1,8:12,8:22,,,10,900029,903000,,,,,,,,,,,,Low,,lrojas,jjenkins,,
601,437,1,10:12,10:22,,,10,788889,900000,,,,,,,,,,,,Low,,lrojas,jjenkins,,
602,438,1,10:07,10:17,,,10,899980,900000,,,,,,,,,,,,Low,flowmeter only moved 20 turns,lrojas,jjenkins,,
603,439,1,7:47,7:57,,,10,897306,900000,,,,,,,,,,,,Low,,lrojas,jjenkins,,
498,440,,9:15,9:25,,,10,158512,165919,,,,,,,,,,,,Regular,,,,,
608,441,,14:55,15:05,,,10,181304,192008,,,,,,,,,,,,Regular,,,,,
609,442,,12:35,12:45,,,10,210539,221430,,,,,,,,,,,,Regular,,,,,
610,443,,9:15,9:25,,,10,210377,210548,,,,,,,,,,,,Regular,Slow Flow - net at 45 degree angle not horizontal,,,,
613,444,,9:45,9:55,,,10,221519,221738,,,,,,,,,,,,Regular,,,,,
615,445,,10:20,10:30,,,10,221754,221818,,,,,,,,,,,,Regular,Flow possibly too low for an accurate meter reading,,,,
616,446,,13:40,13:50,,,10,221812,226008,,,,,,,,,,,,Regular,,,,,
617,447,,15:00,15:10,,,10,234522,235042,,,,,,,,,,,,Regular,Very low flow,,,,
618,448,,11:55,12:05,,,10,226056,234517,,,,,,,,,,,,Regular,,,,,
646,449,1,7:02,7:12,,,10,898808,900000,,,,,,,,,,,,Low,,lrojas,jjenkins,,
647,450,1,9:03,9:13,,,10,895908,898600,,,,,,,,,,,,Low,,lrojas,jjenkins,,
648,451,1,8:05,8:15,,,10,893954,895900,,,,,,,,,,,,Low,,lrojas,jjenkins,,
649,452,1,9:47,9:57,,,10,891855,894000,,,,,,,,,,,,Low,,,jjenkins,,
651,454,1,9:20,9:30,,,10,884911,890000,,,,,,,,,,,,Low,,lrojas,jjenkins,,
652,455,1,7:19,7:29,,,10,890000,892000,,,,,,,,,,,,Low,,lrojas,jjenkins,,
653,456,1,8:30,8:40,,,10,884189,884860,,,,,,,,,,,,Low,,lrojas,jjenkins,,
654,457,3,11:34,11:36,,,2,883767,884140,,,,,,,,,,,,Low,,lrojas,jjenkins,,
655,458,2,8:02,8:12,,,10,883920,884000,,,,,,,,,,,,Low,"low flow, flow meter not spinning",lrojas,jjenkins,,
656,459,1,10:10,10:12,,,2,883710,884000,,,,,,,,,,,,Low,"high amounts of algae, 2 min tow. Used boat (flood tide)",lrojas,jjenkins,,
657,460,1,10:43,10:53,,,10,880065,883000,,,,,,,,,,,,Low,,lrojas,jjenkins,,
658,461,1,8:40,8:50,,,10,882862,883000,,,,,,,,,,,,Low,,lrojas,jjenkins,,
659,462,1,9:12,9:22,,,10,867257,880000,,,,,,,,,,,,Low,,lrojas,jjenkins,,
660,463,1,11:25,11:35,,,10,979146,980000,,,,,,,,,,,,Low,used zoop flow meter because E&L flowmeter spun intermittenly,lrojas,jjenkins,,
661,464,1,8:27,8:37,,,10,876208,877300,,,,,,,,,,,,Low,,lrojas,jjenkins,,
662,465,1,10:16,10:26,,,10,872665,876000,,,,,,,,,,,,Low,"ebb tide, anchored boat",lrojas,jjenkins,,
663,466,1,11:00,11:10,,,10,861530,869000,,,,,,,,,,,,Low,,lrojas,jjenkins,,
664,467,1,8:45,8:55,,,10,869210,873000,,,,,,,,,,,,Low,,lrojas,jjenkins,,
665,468,1,8:25,8:35,,,10,910790,910996,,,,,,,,,,,,Regular,,amunguia,rfichman,,
666,469,1,10:18,10:23,,,5,911190,923380,,,,,,,,,,,,Regular,,amunguia,rfichman,,
667,470,1,8:48,8:58,,,10,862000,870000,,,,,,,,,,,,Regular,,lrojas,jjenkins,,
668,471,1,11:51,11:54,,,3,899774,910346,,,,,,,,,,,,Regular,,lrojas,jjenkins,,
669,472,1,8:25,8:35,,,10,923000,923526,,,,,,,,,,,,Regular,,amunguia,rfichman,,
670,473,1,10:18,10:28,,,10,923000,930000,,,,,,,,,,,,Regular,,amunguia,rfichman,,
,474,,,,,,,,,,,,,,,,,,,,,,lrojas,,,
671,475,1,11:25,11:35,,,10,930700,930999,,,,,,,,,,,,Regular,,amunguia,rfichman,,
672,476,1,8:36,8:46,,,10,930000,930444,,,,,,,,,,,,Regular,,amunguia,rfichman,,
673,477,1,8:20,8:30,,,10,930000,930415,,,,,,,,,,,,Regular,,amunguia,rfichman,,
674,478,1,10:15,10:25,,,10,930500,930523,,,,,,,,,,,,Regular,,amunguia,rfichman,,
676,479,1,8:25,8:35,,,10,930000,930222,,,,,,,,,,,,Regular,,amunguia,rfichman,,
677,480,1,10:13,10:23,,,10,930000,931999,,,,,,,,,,,,Regular,,amunguia,rfichman,,
678,481,1,8:45,8:55,,,10,929950,932000,,,,,,,,,,,,Low,,amunguia,rfichman,,
679,482,1,11:05,11:15,,,10,929384,929900,,,,,,,,,,,,Low,"really low flow, near bottom of tide",amunguia,rfichman,,
680,483,1,8:20,8:30,,,10,927333,929000,,,,,,,,,,,,Low,,amunguia,hcarlson,,
681,484,1,9:55,10:05,,,10,924090,927100,,,,,,,,,,,,Low,,amunguia,rfichman,,
682,485,1,8:22,8:32,,,10,921973,923965,,,,,,,,,,,,Low,,amunguia,rfichman,,
683,486,1,11:25,11:35,,,10,920002,921929,,,,,,,,,,,,Low,Flood tide,amunguia,hcarlson,,
684,487,1,8:25,8:35,,,10,917947,920000,,,,,,,,,,,,Low,,amunguia,rfichman,,
685,488,1,10:40,10:50,,,10,915273,918000,,,,,,,,,,,,Low,ebb tide,amunguia,hcarlson,,
494,489,,,,,,,,,,,,,,,,,,,,,,amunguia,,,
388,490,,,,,,,,,,,,,,,,,,,,,,,,,
686,491,1,8:48,8:58,,,10,913463,915000,,,,,,,,,,,,Low,,amunguia,hcarlson,,
687,492,1,10:40,10:50,,,10,910373,913400,,,,,,,,,,,,Low,flood tide; motor was used,amunguia,hcarlson,,
172,493,,8:52,9:07,,,15,408273,425172,,,,,,,,,,,,Regular,Flow #: 16452(SN),,,,
173,494,,11:34,11:36,,,2,425359,443351,,,,,,,,,,,,Regular,High Flow,,,,
174,495,,10:00,10:10,,,10,443686,457421,,,,,,,,,,,,Regular,,,,,
175,496,,12:00,12:10,,,10,457430,490388,,,,,,,,,,,,Regular,,,,,
202,497,,,,,,,,,,,,,,,,,,,,,done 1/10/03,,,,
182,498,,12:07,12:17,,,10,721781,742220,,,,,,,,,,,,Regular,,,,,
181,499,,9:40,9:50,,,10,608506,624012,,,,,,,,,,,,Regular,,,,,
623,500,,,,,,,,,,,,,,,,,,,,,,,,,
183,501,,9:14,9:24,,,10,648028,656940,,,,,,,,,,,,Regular,,,,,
185,502,,11:00,11:20,,,10,757139,765317,,,,,,,,,,,,Regular,meter reading from zoop,,,,
184,503,,,,,,,,,,,,,,,,,,,,,used different net; no flow meter,,,,
187,504,,10:45,10:55,,,10,767680,776354,,,,,,,,,,,,Regular,meter reading from zoop,,,,
186,505,,9:12,9:22,,,10,765366,767599,,,,,,,,,,,,Regular,,,,,
188,506,,9:12,9:22,,,10,,,,,,,,,,,,,,Regular,,,,,
189,507,,10:39,10:47,,,10,781626,793506,,,,,,,,,,,,Regular,meter reading from zoop,,,,
190,508,,9:00,9:10,,,10,793522,793569,,,,,,,,,,,,Regular,,,,,
191,509,,10:15,10:25,,,10,793590,800091,,,,,,,,,,,,Regular,,,,,
192,510,,9:00,9:15,,,10,800947,800998,,,,,,,,,,,,Regular,,,,,
193,511,,10:50,11:00,,,10,800989,814656,,,,,,,,,,,,Regular,,,,,
194,512,,8:46,8:56,,,10,814658,816322,,,,,,,,,,,,Regular,,,,,
195,513,,10:32,10:42,,,10,816319,826732,,,,,,,,,,,,Regular,meter reading from zoop,,,,
197,514,,10:52,11:02,,,10,828332,838205,,,,,,,,,,,,Regular,meter reading from zoop;end meter not written down right after sample pulled,,,,
196,515,,8:58,9:08,,,10,826750,828327,,,,,,,,,,,,Regular,,,,,
199,516,,10:10,10:20,,,10,839731,839748,,,,,,,,,,,,Regular,meter reading from zoop,,,,
201,517,,10:27,10:37,,,10,839807,845908,,,,,,,,,,,,Regular,meter reading from zoop,,,,
157,518,,11:45,11:55,,,10,495582,500098,,,,,,,,,,,,Regular,meter reading from zoop meter,,,,
159,519,,11:47,11:57,,,10,503956,506256,,,,,,,,,,,,Regular,,,,,
688,520,1,14:22,14:32,,,10,677719,,,,,,,,,,,,,Regular,Flow @ .15 m/s - Flow meter did not spin,,,,
689,521,1,10:12,10:22,,,10,905463,908272,,,,,,,,,,,,Low,,amunguia,hcarlson,,
690,522,1,8:25,8:35,,,10,908359,910300,,,,,,,,,,,,Low,,amunguia,hcarlson,,
691,523,1,10:50,11:00,,,10,899059,903900,,,,,,,,,,,,Low,,amunguia,hcarlson,,
692,524,1,9:00,9:10,,,10,903881,905442,,,,,,,,,,,,Low,,amunguia,rfichman,,
694,525,1,7:45,7:55,,,10,890890,899000,,,,,,,,,,,,Low,,amunguia,hcarlson,,
695,526,1,9:35,9:45,,,10,894650,896900,,,,,,,,,,,,Low,motor is used,amunguia,hcarlson,,
198,527,,8:38,8:48,,,10,838208,839736,,,,,,,,,,,,Regular,,,,,
200,528,,9:00,9:10,,,10,839755,839797,,,,,,,,,,,,Regular,,,,,
696,529,1,10:15,10:25,,,10,889750,894200,,,,,,,,,,,,Low,,amunguia,hcarlson,,
697,530,1,8:20,8:30,,,10,894225,895000,,,,,,,,,,,,Low,,amunguia,hcarlson,,
698,531,1,8:25,8:35,,,10,889882,890000,,,,,,,,,,,,Low,,amunguia,hcarlson,,
699,532,1,10:15,10:25,,,10,884989,890000,,,,,,,,,,,,Low,,mogaz,hcarlson,,
701,533,1,9:30,9:40,,,10,880858,885000,,,,,,,,,,,,Low,"used motor, flood tide/beginning of ebb",mogaz,hcarlson,,
702,534,1,9:30,9:40,,,10,874524,880000,,,,,,,,,,,,Low,tow with motor,mogaz,hcarlson,,
703,535,1,10:05,10:15,,,10,875230,880000,,,,,,,,,,,,Low,tow on boat,mogaz,hcarlson,,
704,536,1,8:50,9:00,,,10,873967,875000,,,,,,,,,,,,Low,,mogaz,hcarlson,,
705,537,1,9:30,9:40,,,10,867076,872000,,,,,,,,,,,,Low,tow with jet boat,mogaz,hcarlson,,
706,538,1,10:32,10:42,,,10,872140,873900,,,,,,,,,,,,Low,,mogaz,hcarlson,,
707,539,1,10:30,10:40,,,10,867382,870000,,,,,,,,,,,,Low,From STTD (Ebb Tide),mogaz,hcarlson,,
708,540,1,9:30,9:40,,,10,862052,867000,,,,,,,,,,,,Low,jet boat used,mogaz,hcarlson,,
709,541,1,10:12,10:22,,,10,859518,862000,,,,,,,,,,,,Low,,mogaz,hcarlson,,
710,542,1,9:45,9:55,,,10,853904,859000,,,,,,,,,,,,Low,tow with jet boat,mogaz,rfichman,,
711,543,1,9:27,9:37,,,10,850880,853900,,,,,,,,,,,,Low,,mogaz,hcarlson,,
712,544,1,12:10,12:20,,,10,845375,850566,,,,,,,,,,,,Low,,mogaz,hcarlson,,
713,545,1,10:05,10:15,,,10,840031,845000,,,,,,,,,,,,Low,,mogaz,rfichman,,
714,546,1,11:25,11:35,,,10,832458,837480,,,,,,,,,,,,Low,,mogaz,hcarlson,,
715,547,1,9:58,10:08,,,10,828095,832000,,,,,,,,,,,,Low,,mogaz,hcarlson,,
716,548,1,12:00,12:10,,,10,826538,828000,,,,,,,,,,,,Low,,mogaz,rfichman,,
717,549,1,9:55,10:05,,,10,821096,826000,,,,,,,,,,,,Low,,mogaz,rfichman,,
718,550,1,10:55,11:05,,,10,808096,812000,,,,,,,,,,,,Low,,AMUNGUIA,hcarlson,,
719,551,1,9:30,9:40,,,10,803759,808000,,,,,,,,,,,,Low,,AMUNGUIA,rfichman,,
721,552,1,10:30,10:40,,,10,800752,804000,,,,,,,,,,,,Low,,AMUNGUIA,hcarlson,,
723,553,1,11:05,11:15,,,10,816747,821000,,,,,,,,,,,,Low,,amunguia,hcarlson,,
724,554,1,9:45,9:55,,,10,812068,816600,,,,,,,,,,,,Low,,AMUNGUIA,rfichman,,
725,555,1,9:19,9:29,,,10,796783,800000,,,,,,,,,,,,Low,,AMUNGUIA,rfichman,,
726,556,1,8:58,9:08,,,10,791573,797000,,,,,,,,,,,,Low,,AMUNGUIA,rfichman,,
728,557,1,8:55,9:05,,,10,789983,791000,,,,,,,,,,,,Low,,AMUNGUIA,rfichman,,
729,558,1,9:23,9:33,,,10,784529,790000,,,,,,,,,,,,Low,,AMUNGUIA,rfichman,,
760,559,,9:55,10:05,,,10,782001,784000,,,,,,,,,,,,Low,"flood tide, motor used",AMUNGUIA,rfichman,,
762,560,1,9:00,9:10,,,10,776473,781700,,,,,,,,,,,,Low,Container broke during shipping - able to recover and transfer to new container,AMUNGUIA,rfichman,,
763,561,1,9:25,9:35,,,10,771091,776400,,,,,,,,,,,,Low,,AMUNGUIA,rfichman,,
765,562,1,9:50,10:00,,,10,768519,771000,,,,,,,,,,,,Low,,AMUNGUIA,rfichman,,
766,563,1,9:30,9:40,,,10,763567,769000,,,,,,,,,,,,Low,,AMUNGUIA,rfichman,,
768,564,1,9:20,9:30,,,10,759472,763000,,,,,,,,,,,,Low,,AMUNGUIA,rfichman,,
769,565,1,10:15,10:25,,,10,756057,760000,,,,,,,,,,,,Low,,hcarlson,rfichman,,
771,566,1,9:40,9:50,,,10,750313,755000,,,,,,,,,,,,Low,,hcarlson,rfichman,,
773,567,1,9:35,9:45,,,10,744720,750000,,,,,,,,,,,,Low,,hcarlson,rfichman,,
774,568,1,9:45,9:55,,,10,740351,744000,,,,,,,,,,,,Low,,hcarlson,rfichman,,
776,569,1,9:36,9:46,,,10,736198,740000,,,,,,,,,,,,Low,,hcarlson,rfichman,,
777,570,1,10:00,10:10,,,10,735983,736000,,,,,,,,,,,,Low,,hcarlson,rfichman,,
779,571,1,10:10,10:20,,,10,730803,736000,,,,,,,,,,,,Low,,hcarlson,rfichman,,
780,572,,10:05,10:15,,,10,727769,730700,,,,,,,,,,,,Low,,hcarlson,rfichman,,
114,573,,,,,,,,,,,,,,,,,,,,,,,,,
783,574,1,13:20,13:30,,,10,726525,726700,,,,,,,,,,,,Low,,hcarlson,rfichman,,
784,575,2,9:15,9:25,,,10,726632,727000,,,,,,,,,,,,Low,sample collected at SHR dock. Flood tide slow current,hcarlson,rfichman,,
787,576,1,7:50,8:00,,,10,723454,726000,,,,,,,,,,,,Low,,hcarlson,rfichman,,
788,577,1,9:35,9:45,,,10,719365,723100,,,,,,,,,,,,Low,,hcarlson,rfichman,,
790,578,1,14:35,14:45,,,10,718080,719500,,,,,,,,,,,,Low,,hcarlson,rfichman,,
791,579,1,16:30,16:40,,,10,717991,718000,,,,,,,,,,,,Low,,hcarlson,rfichman,,
792,580,1,14:37,14:47,,,10,716989,718000,,,,,,,,,,,,Low,,hcarlson,rfichman,,
793,581,1,12:50,13:00,,,10,718423,719000,,,,,,,,,,,,Low,,hcarlson,rfichman,,
796,582,1,10:48,10:58,,,10,711680,715700,,,,,,,,,,,,Low,,mogaz,rfichman,,
797,583,1,9:07,9:17,,,10,708216,711608,,,,,,,,,,,,Low,,mogaz,rfichman,,
799,584,1,9:30,9:40,,,10,703795,708000,,,,,,,,,,,,Low,jet boat used,mogaz,rfichman,,
801,585,1,8:20,8:30,,,10,699425,703430,,,,,,,,,,,,Low,low tide (motor used),mogaz,rfichman,,
803,586,1,8:20,8:30,,,10,689000,694177,,,,,,,,,,,,Low,,mogaz,rfichman,,
804,587,1,8:35,8:45,,,10,687457,690000,,,,,,,,,,,,Low,"boat motor used, redo",mogaz,rfichman,,
805,588,1,9:22,9:32,,,10,684740,687000,,,,,,,,,,,,Low,ebb tide sampled from screw trap,mogaz,rfichman,,
806,589,1,8:35,8:45,,,10,680865,685000,,,,,,,,,,,,Low,jet boat used,mogaz,rfichman,,
809,590,1,10:20,10:30,,,10,677517,681000,,,,,,,,,,,,Low,ebb tide from RSTR,mogaz,rfichman,,
,594,,,,,,,,,,,,,,,,,,,,,,,,,
815,596,,8:55,9:05,,,10,660461,664000,,,,,,,,,,,,Low,see drift comments,mogaz,rfichman,,
816,597,1,10:55,11:05,,,10,664372,667000,,,,,,,,,,,,Low,"Ebb tide, anchor used (no motor). Lots of mycrocystis looking things.",mogaz,rfichman,,
817,598,1,8:00,8:10,,,10,666885,672000,,,,,,,,,,,,Low,,mogaz,rfichman,,
811,599,1,9:02,9:12,,,10,671725,677477,,,,,,,,,,,,Low,From Jet Boat,mogaz,rfichman,,
819,600,1,8:45,8:55,,,10,645067,650300,,,,,,,,,,,,Low,,mogaz,rfichman,,
820,601,1,10:23,10:33,,,10,650511,655000,,,,,,,,,,,,Low,"flood tide, jet boat and motor used",mogaz,rfichman,,
824,603,1,7:55,8:05,,,10,630351,635400,,,,,,,,,,,,Low,,mogaz,rfichman,,
825,604,1,8:10,8:20,,,10,635412,640000,,,,,,,,,,,,Low,"ebb tide but low current, jet boat used",mogaz,rfichman,,
826,605,1,9:23,9:33,,,10,616008,621000,,,,,,,,,,,,Low,,mogaz,rfichman,,
827,606,1,9:15,9:25,,,10,612098,615900,,,,,,,,,,,,Low,,mogaz,rfichman,,
828,607,1,9:57,10:07,,,10,606724,611000,,,,,,,,,,,,Low,,mogaz,rfichman,,
829,608,1,9:43,9:53,,,10,603335,607000,,,,,,,,,,,,Low,,mogaz,rfichman,,
830,609,1,9:35,9:45,,,10,595959,603000,,,,,,,,,,,,Low,Jet boat motor used,mogaz,rfichman,,
831,610,1,9:40,9:50,,,10,592485,596000,,,,,,,,,,,,Low,,mogaz,rfichman,,
832,611,1,9:23,9:33,,,10,586548,593000,,,,,,,,,,,,Low,Motor used (Striker),opatton,rfichman,,
833,612,1,9:45,9:55,,,10,584988,586000,,,,,,,,,,,,Low,Anchored,opatton,rfichman,,
834,613,1,9:10,9:20,,,10,578796,585000,,,,,,,,,,,,Low,BOAT/MOTOR,opatton,rfichman,,
835,614,1,9:15,9:25,,,10,575540,579000,,,,,,,,,,,,Low,"Jon boat and anchor used, ebb tide",opatton,rfichman,,
836,615,1,8:42,8:52,,,10,570536,575000,,,,,,,,,,,,Low,"Jet boat used, ebb",opatton,rfichman,,
837,616,1,8:23,8:33,,,10,567571,570000,,,,,,,,,,,,Low,"Ebb tide, anchored",opatton,rfichman,,
838,617,1,9:03,9:13,,,10,561737,567460,,,,,,,,,,,,Low,,opatton,rfichman,,
839,618,1,9:35,9:45,,,10,557747,561700,,,,,,,,,,,,Low,,opatton,rfichman,,
840,619,1,7:47,7:57,,,10,554127,560000,,,,,,,,,,,,Low,FROM SHR HARBOR BOAT DOCK,opatton,rfichman,,
841,620,1,9:20,9:30,,,10,547546,554000,,,,,,,,,,,,Low,,opatton,rfichman,,
842,621,1,9:16,9:26,,,10,544965,547500,,,,,,,,,,,,Low,From the dock,opatton,rfichman,,
843,622,1,10:55,11:05,,,10,534900,538669,,,,,,,,,,,,Low,"Anchored, very fast flow",opatton,rfichman,,
844,623,1,8:01,8:11,,,10,537985,539000,,,,,,,,,,,,Low,very low flow from SHR boat dock,opatton,rfichman,,
845,624,1,7:48,7:58,,,10,536481,538000,,,,,,,,,,,,Low,bottom of ebb tide from screw trap- slow current,opatton,rfichman,,
846,625,1,9:50,10:00,,,10,639990,644000,,,,,,,,,,,,Low,"Ebb tide, anchored",mogaz,rfichman,,
847,626,1,10:12,10:22,,,10,626310,630000,,,,,,,,,,,,Low,"Ebb tide, anchored",mogaz,rfichman,,
814,627,1,8:47,8:57,,,10,655366,660400,,,,,,,,,,,,Low,,mogaz,rfichman,,
848,628,1,10:48,10:58,,,10,532404,536000,,,,,,,,,,,,Low,Ebb sampled from STTD,opatton,rfichman,,
849,629,,9:30,9:40,,,10,527033,532000,,,,,,,,,,,,Low,"Ebb, low flow, jet boat motor used",opatton,rfichman,,
850,630,1,9:44,9:54,,,10,522593,527000,,,,,,,,,,,,Low,,opatton,rfichman,,
851,631,1,9:25,9:35,,,10,518680,522500,,,,,,,,,,,,Low,,opatton,rfichman,,
852,632,1,9:32,9:42,,,10,512466,519000,,,,,,,,,,,,Low,"ebb tide, off trap",opatton,rfichman,,
,633,,,,,,,,,0,0,,,,,,,,,,,,,,,
,634,,,,,,,,,0,0,,,,,,,,,,,,,,,
854,635,1,9:33,9:43,,,10,505286,512000,,,,,,,,,,,,Low,,opatton,rfichman,,
855,636,1,9:30,9:40,,,10,500081,505000,,,,,,,,,,,,Low,,opatton,rfichman,,
856,637,1,10:00,10:10,10:36,10:46,10,,,496087,500000,386330,388516,492207,496000,384278,386164,,,,Low,,jfrantzich,rfichman,,
857,638,2,11:59,12:09,,,10,484217,488000,,,,,,,,,,,,Low,Condition code 2- All samples on flood tide,opatton,rfichman,,
858,639,1,9:02,9:12,,,10,479301,484000,,,,,,,,,,,,Low,"Ebb tide, low current, motor used",opatton,rfichman,,
859,640,1,12:15,12:25,13:01,13:11,10,,,475008,480000,381798,384000,471455,476000,469865,471000,,,,Low,third set time: 12:42-12:52,opatton,rfichman,,
860,641,1,9:46,9:56,10:09,10:19,10,,,377249,381600,374847,377000,465868,469800,372670,375000,,,,Low,3rd set time: 10:25 - 10:35,opatton,rfichman,,
861,642,1,9:37,9:47,,,10,461561,466000,,,,,,,,,,,,Low,jet boat used,opatton,rfichman,,
1054,643,1,9:17,9:27,,,10,445773,450000,,,,,,,,,,,,Low,,opatton,rfichman,,
1056,644,1,8:45,8:55,9:05,9:15,10,,,454439,458000,370189,372600,457765,461000,376935,370000,,,,Low,set 1: near-west & mid-east; set 2: mid-west & near-east,opatton,rfichman,,
1070,645,1,8:32,8:42,,,10,441424,446000,,,,,,,,,,,,Low,,opatton,rfichman,,
1071,646,1,8:24,8:34,9:00,9:10,10,,,996009,0,439982,440000,991909,996000,439998,441000,,,,Low,"ebb tide, some shade on East side",opatton,rfichman,,
1074,647,1,9:29,9:39,10:10,10:20,10,,,983864,988000,995921,998000,988236,992000,997604,999999,,,,Low,,opatton,rfichman,,
1076,648,1,8:57,9:07,,,10,991109,996000,,,,,,,,,,,,Low,,opatton,rfichman,,
1078,649,1,9:37,9:47,,,10,986806,991100,,,,,,,,,,,,Low,,opatton,rfichman,,
1079,650,1,8:35,8:45,9:00,9:10,10,,,980890,984000,980815,982000,983789,987000,982091,984000,,,,Low,,opatton,rfichman,,
1080,651,1,8:53,9:03,9:15,9:25,10,,,973623,977000,974474,975000,977575,981000,975085,976000,,,,Low,,opatton,rfichman,,
1081,652,1,8:06,8:16,,,10,976263,981000,,,,,,,,,,,,Low,,opatton,rfichman,,
1084,653,1,8:25,8:35,9:13,9:23,10,,,969781,973000,969617,970000,970600,974000,973420,974000,,,,Low,,opatton,mfarruggia,,
1085,654,1,9:05,9:15,,,10,965522,970000,,,,,,,,,,,,Low,,opatton,mfarruggia,,
1090,655,1,10:54,11:04,,,10,952049,956500,,,,,,,,,,,,Low,,opatton,mfarruggia,,
1091,656,1,8:55,9:05,,,10,967785,971000,,,,,,,,,,,,Low,,opatton,mfarruggia,,
1093,657,1,8:35,8:45,9:00,9:10,10,,,960169,964000,963904,965000,964615,968000,964660,966000,,,,Low,,opatton,mfarruggia,,
1096,658,1,8:48,8:58,,,10,,,959953,961000,957456,959000,960809,964000,958483,960000,,,,Low,,opatton,mfarruggia,,
1097,659,1,8:11,8:21,,,10,956380,960000,,,,,,,,,,,,Low,,opatton,mfarruggia,,
1098,660,1,10:14,10:24,,,10,949676,954000,,,,,,,,,,,,Low,,opatton,mfarruggia,,
1112,661,1,10:00,10:10,,,10,945480,950000,,,,,,,,,,,,Low,,opatton,mfarruggia,,
1113,662,1,10:12,10:22,,,10,953764,957000,,,,,,,,,,,,Low,,opatton,mfarruggia,,
,663,,,,,,,,,,,,,,,,,,,,,,,,,
1156,664,1,,,,,,,,,,,,,,,,,,,,,,,,
1164,665,1,,,,,,,,,,,,,,,,,,,,,,,,
1168,666,1,9:37,9:47,,,10,859749,864000,,,,,,,,,,,,Low,,rfichman,mfarruggia,,
1169,667,1,13:02,13:12,13:02,13:12,10,856833,860000,,,,,,,,,,,,Low,,rfichman,mfarruggia,,
1175,668,1,8:57,9:07,,,10,838230,844000,,,,,,,,,,,,Low,,rfichman,mfarruggia,,
1176,669,1,9:21,9:31,,,10,844097,848000,,,,,,,,,,,,Low,,rfichman,mfarruggia,,
1177,670,,14:05,14:15,14:22,14:32,10,832238,835040,,,,,835069,838000,,,,,,Low,"Mid-EAST = Bottom, 5 meters deep",,,,
1179,671,1,10:07,10:17,,,10,852096,857000,,,,,,,,,,,,Low,,rfichman,mfarruggia,,
1180,672,1,10:22,10:32,,,10,848192,852000,,,,,,,,,,,,,,rfichman,mfarruggia,,
1181,673,1,10:36,10:41,,,5,69000,74672,,,,,,,,,820000,824537,11:11,Regular,,aneely,apluton,,
1182,674,1,8:14,8:19,,,5,65000,69048,,,,,,,,,,,,Regular,,aneely,apluton,,
1184,675,1,8:11,8:16,,,5,59000,65127,,,,,,,,,,,,Regular,,rfichman,sfogg,,
1185,676,1,8:50,8:55,9:10,9:15,5,,,28000,42865,51702,58051,15500,27924,43000,51696,,,,Regular,"5 min set due to high flows, too strong for mid-bottom",rfichman,sfogg,,
1187,677,1,9:42,9:52,10:04,10:14,10,,,928338,936000,823506,827000,936043,944000,826704,831000,814416,820000,10:47,Low,,rfichman,mfarruggia,,
1188,678,1,8:18,8:28,,,10,922674,928000,,,,,,,,,,,,Low,,rfichman,sfogg,,
1189,679,1,8:40,8:50,,,10,941900,95818,,,,,,,,,,,,Regular,,rfichman,sfogg,,
1191,680,1,9:45,9:50,,,5,0,15494,,,,,,,,,,,,Regular,,rfichman,sfogg,,
1193,681,1,9:02,9:12,9:26,9:36,10,,,90000,101835,830000,835518,79000,90667,825000,830975,835000,842078,9:58,Regular,,aneely,apluton,,
1194,682,1,9:50,10:00,,,10,74800,78536,,,,,,,,,,,,Regular,,aneely,apluton,,
1196,683,1,11:27,11:37,,,10,,,100000,107284,,,,,,,840000,845719,11:27,Regular,,aneely,apluton,,
1197,684,1,10:37,10:47,,,10,107000,109491,,,,,,,,,,,,Regular,,aneely,apluton,,
1198,685,1,8:57,9:07,9:19,9:29,10,,,118000,125118,850000,854095,110000,117965,845000,849285,854000,859571,9:41,Regular,,aneely,apluton,,
1201,686,1,11:55,12:05,,,10,125000,130427,,,,,,,,,860000,864603,11:55,,,aneely,apluton,,
1203,687,1,8:20,8:30,,,10,149000,149618,,,,,,,,,,,,Regular,,aneely,apluton,,
1205,688,1,9:59,10:09,10:16,10:26,10,,,137000,143693,865000,865394,130000,137287,865000,865014,144000,148942,10:38,Regular,"1st start time is for mid east, 2nd is mid-west and near west, bottom start for near-east and bottom",aneely,apluton,,
1206,689,1,9:00,9:10,9:24,9:34,10,,,157000,158969,865000,865150,150000,156657,865000,865394,159000,164285,9:46,Regular,,aneely,apluton,,
1209,690,1,9:00,9:10,9:22,9:32,10,,,178000,181081,873000,873157,172000,178320,873000,873270,180000,184308,9:45,Regular,,aneely,apluton,,
1210,691,1,8:57,9:07,,,10,865400,873422,,,,,,,,,,,,Regular,,aneely,apluton,,
1211,692,1,9:17,9:27,,,10,163000,172171,,,,,,,,,,,,Regular,,aneely,apluton,,
1215,693,1,8:25,8:35,8:50,9:00,10,,,194000,194052,875000,875146,873000,875821,875000,875033,194000,194907,9:20,Regular,,aneely,cstuart,,
1216,694,1,8:53,9:03,,,10,184000,194240,,,,,,,,,,,,Regular,,aneely,apluton,,
1220,695,1,8:35,8:45,,,10,195000,204123,,,,,,,,,,,,Regular,,,apluton,,
1221,696,1,9:40,9:50,10:00,10:10,10,,,204000,206297,211000,211089,206000,211812,875000,875167,875000,876297,10:20,Regular,,aneely,cstuart,,
1227,697,1,10:35,10:45,,,10,221000,223830,,,,,,,,,,,,Regular,,aneely,apluton,,
1264,698,1,10:02,10:12,,,10,240000,249037,,,,,,,,,,,,Regular,,,,,
1289,700,1,9:41,9:51,,,10,,,,,,,260000,268058,,,,,,Regular,,,,,
1365,702,1,,,,,,,,,,,,,,,,,,,,,,,,
1371,703,1,10:52,10:57,,,5,304000,305585,,,,,,,,,,,,Regular,,ashakya,jjenkins,,
1373,704,1,11:27,11:30,,,3,330000,338170,,,,,,,,,,,,Regular,high flow,ashakya,jjenkins,,
1376,705,1,9:20,9:25,,,5,354000,370484,,,,,,,,,,,,,,ashakya,jjenkins,,
1377,706,1,10:10,10:15,,,5,410000,426888,,,,,,,,,,,,Regular,high flow,ashakya,jjenkins,,
1378,707,1,11:03,11:08,,,5,427000,442586,,,,,,,,,,,,Regular,,ashakya,jjenkins,,
1381,708,1,11:50,11:55,,,5,500000,512780,,,,,,,,,,,,Regular,high flow,ashakya,jjenkins,,
1382,709,1,9:30,9:35,,,5,512000,525195,,,,,,,,,,,,Regular,,ashakya,jjenkins,,
1386,710,1,10:12,10:17,,,5,600000,617469,,,,,,,,,,,,Regular,,ashakya,jjenkins,,
1390,711,1,9:40,9:45,,,5,620000,638965,,,,,,,,,,,,Regular,,ashakya,jjenkins,,
1392,712,3,10:45,10:46,,,3,644000,647793,,,,,,,,,,,,Regular,Stpped set at 1 minute due to debris overload,ashakya,,,
1395,713,1,9:48,9:53,,,5,675000,688050,,,,,,,,,,,,Regular,,ashakya,jjenkins,,
1397,714,1,9:28,9:33,,,5,660000,671255,,,,,,,,,,,,Regular,,ashakya,jjenkins,,
1398,715,1,10:25,10:30,,,5,737000,750854,,,,,,,,,,,,Regular,,ashakya,jjenkins,,
1400,716,1,10:08,10:13,,,5,731000,736557,,,,,,,,,,,,Regular,,,,,
1401,717,1,10:01,10:05,,,4,,,,,719800,731247,,,,,,,,Regular,,ashakya,jjenkins,,
1402,718,1,,,,,,,,,,,,,,,,,,,,,,,,
1404,719,1,9:40,9:45,,,5,700000,713278,,,,,,,,,,,,Regular,,ashakya,jjenkins,,
1405,720,1,10:16,10:19,,,3,690000,699540,,,,,,,,,,,,Regular,,ashakya,jjenkins,,
1408,721,1,10:50,11:00,,,10,,,794000,800958,,,,,,,,,,,,ashakya,jjenkins,,
1410,722,,,,,,,,,,,,,,,,,,,,,Larval data not taken - deleted all from this section (Drift data entered in larval data by mistake),,,,
1412,723,1,11:30,11:40,,,10,,,782000,788147,,,,,,,,,,Regular,,ashakya,jjenkins,,
1414,724,,10:20,10:30,,,10,,,766000,771886,,,,,,,,,,Regular,Ebb tide,ashakya,jjenkins,,
1416,725,1,10:42,10:52,,,10,,,750000,765993,,,,,,,,,,Regular,,ashakya,jjenkins,,
1407,726,,,,,,,,,,,,,,,,,,,,,,,,,
1419,727,1,,,,,,,,,,,,,,,,,,,,,,,,
,728,,,,,,,,,,,,,,,,,,,,,,,,,
,768,,,,,,,,,,,,,,,,,,,,,,aneely,,,
,769,,,,,,,,,,,,,,,,,,,,,,aneely,,,
,770,,,,,,,,,,,,,,,,,,,,,,aneely,,,
,771,,,,,,,,,,,,,,,,,,,,,,aneely,,,
,772,,,,,,,,,,,,,,,,,,,,,,apluton,,,
1195,773,,,,,,,,,,,,,,,,,,,,,,apluton,,,
,775,,,,,,,,,,,,,,,,,,,,,,,,,
1452,776,,,,,,,,,,,,,,,,,,,,,FLOW (SURFACE 1 FT 0.28 M/SEC,,,,
,777,,,,,,,,,,,,,,,,,,,,,jkhjk,,,,
1547,778,1,11:15,11:25,,,10,705392,707000,,,,,,,,,,,,Low,500mm net,ashakya,cstuart,,
1551,779,1,10:25,10:35,,,10,697095,700000,,,,,,,,,,,,Low,,ashakya,cstuart,,
1552,780,1,10:24,10:34,,,10,,,,,,,670428,673000,,,,,,Low,,ashakya,cstuart,,
1554,781,,,,,,,,,,,,,,,,,,,,,,,,,
1556,782,1,10:09,10:19,,,10,,,690602,693000,,,,,,,,,,Low,,ashakya,cstuart,,
1558,783,1,9:15,9:25,,,10,,,682174,684000,,,,,,,,,,Low,,ashakya,cstuart,,
1561,784,1,9:55,10:05,,,10,,,663130,665000,,,,,,,,,,Low,,ashakya,cstuart,,
1564,785,1,9:35,9:45,,,10,,,659622,663000,,,,,,,,,,Low,,ashakya,cstuart,,
1565,786,1,,,,,,,,,,,,,,,,,,,,,,,,
1567,787,1,10:50,11:00,,,10,,,803125,804000,,,,,,,,,,Low,,ashakya,jjenkins,,
1511,788,1,10:10,10:20,,,10,,,,,,,795178,798000,,,,,,Low,,ashakya,jjenkins,,
1569,789,1,12:35,12:45,,,10,,,800150,803000,,,,,,,,,,Low,,ashakya,jjenkins,,
1571,790,1,,,,,,,,,,,,,,,,,,,,,,,,
1572,791,1,11:20,11:25,,,5,656000,662333,,,,,,,,,,,,Regular,Overtopping; collected from trap,ashakya,cstuart,,
1577,792,1,9:55,10:05,,,10,677680,680000,,,,,,,,,,,,Low,ebb tide,ashakya,cstuart,,
1583,793,1,9:40,9:50,,,10,,,674087,678000,,,,,,,,,,Low,,ashakya,cstuart,,
1585,794,,,,,,,,,,,,,,,,,,,,,,,,,
1599,795,,,,,,,,,,,,,,,,,,,,,,,,,
1607,796,1,9:28,9:38,,,10,,,666718,669000,,,,,,,,,,Low,,ashakya,cstuart,,
1611,797,1,11:44,11:54,,,10,,,655864,658600,,,,,,,,,,Low,,ashakya,cstuart,,
1613,798,1,10:09,10:19,,,10,,,653170,656000,,,,,,,,,,Low,,ashakya,cstuart,,
1616,799,1,9:53,10:03,,,10,,,645444,648000,,,,,,,,,,Low,,ashakya,cstuart,,
1617,800,,,,,,,,,,,,,,,,,,,,,,,,,
1625,801,1,11:32,11:37,,,5,637411,641000,,,,,,,,,,,,,can we assume low flow meter speed? Still unclear if set time was 5 or 10 minutes-AS,ashakya,cstuart,,
1640,802,1,13:43,13:53,,,10,620567,627000,,,,,,,,,,,,Low,,ashakya,cstuart,,
1642,803,,,,,,,,,,,,,,,,,,,,,,,,,
1667,804,1,14:35,14:45,,,10,614864,620530,,,,,,,,,,,,Low,,ashakya,cstuart,,
1687,805,1,14:38,14:48,,,10,602972,609000,,,,,,,,,,,,Low,,ashakya,,,
1717,806,1,11:31,11:41,,,10,588167,594927,,,,,,,,,,,,Low,,ashakya,cstuart,,
1727,807,1,14:31,14:41,,,10,581200,573926,,,,,,,,,,,,Low,,ashakya,cstuart,,
1759,808,1,11:54,12:04,,,10,561432,567874,,,,,,,,,,,,Low,,ashakya,cstuart,,
1787,809,1,9:52,10:02,,,10,542152,545000,,,,,,,,,,,,Low,,,,,
1790,810,1,10:35,10:45,,,10,534652,538000,,,,,,,,,,,,Low,,,,,
1819,811,1,10:46,10:56,,,10,549502,556810,,,,,,,,,,,,Low,lots of green algae in sample,,,,
1830,812,1,11:12,11:22,,,10,526219,529157,,,,,,,,,,,,Low,,,,,
1832,813,1,10:42,10:52,,,10,514638,518000,,,,,,,,,,,,Low,,,,,
1836,814,1,10:00,10:10,,,10,505043,510000,,,,,,,,,,,,Low,,,,,
1838,815,1,12:10,12:20,,,10,499500,523900,,,,,,,,,,,,Regular,,acasby,cstuart,,
1841,816,1,12:05,12:10,,,5,651320,665872,,,,,,,,,,,,Regular,,acasby,cstuart,,
1844,817,1,10:22,10:27,,,5,564400,579600,,,,,,,,,,,,Regular,"high flow, cut set time in half",acasby,cstuart,,
1848,818,1,11:10,11:15,,,5,627000,645550,,,,,,,,,,,,Regular,5 minute tow due to the high flow,acasby,cstuart,,
1850,819,1,10:30,10:40,,,10,545000,564169,,,,,,,,,,,,Regular,,acasby,cstuart,,
1852,820,1,9:59,10:04,,,5,673000,690162,,,,,,,,,,,,Regular,,acasby,cstuart,,
1856,821,1,10:00,10:05,,,5,702400,719000,,,,,,,,,,,,Regular,"High flow, 5 min set",acasby,cstuart,,
1859,822,2,10:25,10:30,,,5,730000,748022,,,,,,,,,,,,Regular,,acasby,cstuart,,
1862,823,1,9:56,10:01,,,5,759370,776114,,,,,,,,,,,,Regular,,acasby,cstuart,,
1864,824,1,11:06,11:11,,,5,790000,807200,,,,,,,,,,,,Regular,cut set time due to current and debris,acasby,cstuart,,
1872,825,1,9:58,10:03,,,5,813200,826343,,,,,,,,,,,,Regular,,,,,
1874,826,1,9:53,10:03,,,10,835182,839100,,,,,,,,,,,,Low,,,,,
1876,827,1,10:10,10:20,,,10,825767,831600,,,,,,,,,,,,Low,,,,,
1879,828,1,9:22,9:32,,,10,815646,820900,,,,,,,,,,,,Low,,,,,
1883,829,1,9:27,9:37,,,10,784614,788700,,,,,,,,,,,,Low,,,,,
1885,830,1,10:15,10:25,,,10,795078,799516,,,,,,,,,,,,Low,,,,,
1888,831,1,9:23,9:33,,,10,774805,778700,,,,,,,,,,,,Low,,,,,
2009,833,1,9:41,9:51,,,10,646110,650000,,,,,,,,,,,,Low,,,,,
2010,834,1,10:19,10:29,,,10,656369,660000,,,,,,,,,,,,Low,,,,,
