PhysicalDataID,InvertDataID,ConditionCode,StartTime,StopTime,SetTime,DriftStartMeter,DriftEndMeter,FlowMeterSpeed,FieldComments,EnteredBy,QA/QC'dBy,InvertCode,SampleVolume
53,3,1,10:00,10:30,30,302638,440974,Regular,drift sample  SHRD0001,,nikemiyagi,11-001,1365.38
40,4,1,8:25,8:55,30,709626,734344,Regular,SHRD 003   Flow Meter # 12972,,nikemiyagi,11-003,104.63
43,5,1,7:44,8:14,30,135590,167345,Regular,SHRD 006   End Meter reading was estimated from the 10mins reading (x3 for 30mins) NI,,nikemiyagi,11-006,104.47
44,6,1,7:47,8:17,30,160056,191541,Regular,SHRD 007   End Meter reading was estimated from the 10mins reading (x3 for 30mins) NI,,nikemiyagi,11-007,103.59
45,7,1,7:16,7:46,30,190019,200443,Regular,SHRD 008   End Meter reading was estimated from the 10mins reading (x3 for 30mins) NI,,nikemiyagi,11-008,102.88
37,8,1,7:58,8:28,30,219700,246172,Regular,SHRD 009   End Meter reading was estimated from the 10mins reading (x3 for 30mins) NI,,nikemiyagi,11-009,87.09
39,9,1,7:46,8:16,30,272231,288650,Regular,SHRD 011   End Meter reading was estimated from the 10mins reading (x3 for 30mins) NI,,nikemiyagi,11-011,54.02
48,10,1,7:51,8:21,30,330931,348325,Regular,SHRD 014   End Meter reading was estimated from the 10mins reading (x3 for 30mins) NI,,nikemiyagi,11-014,57.23
35,11,1,7:47,7:17,30,400580,416723,Regular,SHRD 017   End Meter reading was estimated from the 10mins reading (x3 for 30mins) NI,,nikemiyagi,11-017,53.11
50,12,1,7:50,8:20,30,475432,475439,Regular,SHRD 018,,nikemiyagi,11-018,0.07
34,13,1,13:10,13:40,30,440990,497917,Regular,STTDD 001 Drift sample,,nikemiyagi,21-001,1245.62
6,14,1,11:21,11:51,30,744335,814849,Regular,STTDD 003,,nikemiyagi,21-003,140.51
27,15,1,9:51,10:21,30,146182,187777,Regular,STTDD 006   End Meter reading was estimated from the 10mins reading (x3 for 30mins) NI,,nikemiyagi,21-006,136.85
28,16,1,9:44,10:14,30,170556,228897,Regular,STTDD 007   End Meter reading was estimated from the 10mins reading (x3 for 30mins) NI,,nikemiyagi,21-007,191.94
29,17,1,9:30,10:00,30,200437,258202,Regular,STTDD 008   End Meter reading was estimated from the 10mins reading (x3 for 30mins) NI,,nikemiyagi,21-008,190.05
7,18,1,10:00,10:30,30,228528,286170,Regular,STTDD 009   End Meter reading was estimated from the 10mins reading (x3 for 30mins) NI,,nikemiyagi,21-009,189.64
9,19,1,9:25,9:55,30,277707,299340,Regular,STTDD 011   End Meter reading was estimated from the 10mins reading (x3 for 30mins) NI,,nikemiyagi,21-011,71.17
31,20,1,9:33,10:03,30,336720,412542,Regular,STTDD 014   End Meter reading was estimated from the 10mins reading (x3 for 30mins) NI,,nikemiyagi,21-014,249.45
32,21,1,9:23,9:53,30,405980,470873,Regular,STTDD 017   End Meter reading was estimated from the 10mins reading (x3 for 30mins) NI,,nikemiyagi,21-017,213.50
56,23,,11:05,11:30,25,478222,484217,Regular,,,,11-101,19.72
57,25,,10:45,11:15,30,484213,513976,Regular,,,,21-101,97.92
58,26,,10:36,10:51,10,596026,622002,Regular,,,,21-103,128.19
61,29,,11:45,12:15,30,825502,845914,Regular,YD00-006,,,21-106,201.47
62,30,,8:45,9:15,30,907936,933226,Regular,windy (LR 4/9/13),,,21-107,249.61
63,31,1,9:21,9:31,10,513889,543285,Regular,,,,11-102,96.71
66,37,,9:55,10:25,30,648701,657148,Regular,,,,11-104,75.79
64,40,,9:58,10:02,10,622014,634965,Regular,,,,11-103,42.61
67,44,,10:51,11:21,30,890606,898967,Regular,,,,11-105,82.52
68,45,,10:52,11:22,30,898950,907928,Regular,,,,11-106,88.61
59,46,,10:04,10:08,5,57950,59530,Regular,,,,21-102,5.20
60,47,,11:56,12:26,30,657153,689845,Regular,,,,21-105,322.67
65,48,,11:55,12:00,5,634979,648686,Regular,,,,21-104,45.10
71,49,,11:22,11:52,30,278387,287918,Regular,Flowmeter #:B11158,,,21-201,94.07
72,50,,16:42,16:52,10,292164,302674,Regular,Large amount of woody debris - shorter sample duration,,,21-202,34.58
73,51,,12:29,12:39,10,302775,306527,Regular,"Meter based on Larval sample. Large amounts of  particulate matter clogging net, causing low flow",,,21-203,12.34
77,52,1,10:45,11:00,15,649240,685486,Regular,Large amount of debris - shorter sample time - Used Larval flowmeter,,,21-204,71.11
83,53,2,9:36,9:46,10,324997,325007,Regular,Short set due to heavy debris,,,21-205,0.03
91,54,1,11:31,12:01,30,673647,688228,Regular,Used Larval Sample net flowmeter multiplied by 3.5,,,21-206,37.75
86,55,1,9:25,9:55,20,677756,693554,Regular,Used Larval flowmeter multiplied by 2,,,21-207,39.58
88,56,1,11:08,11:24,16,686371,705301,Regular,Used Larval Sample flowmeter value multiplied by 1.5,,,21-208,33.48
85,57,,,,,,,,,,,11-206,
79,58,1,13:24,13:54,30,831800,841889,Regular,Used Larval flowmeter multiplied by 3,,,11-201,25.59
80,59,1,14:18,14:48,30,290661,294699,Regular,Used Larval flowmeter multiplied by 3,,,11-202,13.29
81,60,1,17:00,17:30,30,648177,652914,Regular,Flowmeter based on Larval sample multiplied by 3,,,11-203,28.68
82,61,1,13:42,14:12,30,673428,673539,Regular,Used Larval flowmeter multiplied by 3,,,11-204,9.81
84,62,1,13:51,14:21,30,673613,673709,Regular,Used Larval flowmeter multiplied by 3,,,11-205,3.87
87,63,1,10:50,11:20,30,685667,687599,Regular,,,,11-207,33.04
89,64,1,9:26,9:56,30,,,Regular,Flow low ~.10m/sec No flowmeter value,,,11-208,22.03
69,65,,,,,,,,,,,,
70,66,,,,,,,,,,,,
2,67,,,,,,,,,,,,0.00
3,68,,,,,,,,,,,,0.00
4,69,,,,,,,,,,,,
5,70,1,12:43,13:13,30,523396,597838,Regular,STTDD 002,,,,
8,71,1,9:27,10:00,33,228528,291934.2,Regular,STTDD 010   End Meter reading was estimated from the 10mins reading (x3.3 for 33mins) NI,,,,
10,73,1,9:51,10:21,30,291968,312395,Regular,STTDD 012   End Meter reading was estimated from the 10mins reading (x3 for 30mins) NI,,,,
11,74,1,9:39,10:09,30,366570,413631,Regular,STTDD 015   End Meter reading was estimated from the 10mins reading (x3 for 30mins) NI,,,,
12,75,1,10:03,10:33,10,387745,426202,Regular,STTDD 016   End Meter reading was estimated from the 10mins reading (x3 for 30mins) NI,,,,
13,76,,,,,,,,,,,,0.00
14,77,,,,,,,,,,,,0.00
15,78,,,,,,,,,,,,
16,79,,,,,,,,,,,,
17,80,,,,,,,,,,,,
18,81,,,,,,,,,,,,
19,82,,,,,,,,,,,,
20,84,,,,,,,,,,,,
21,85,,,,,,,,,,,,
22,86,,,,,,,,,,,,
23,87,,9:50,10:00,,,,,,,,,
24,89,,,,,,,,,,,,
25,90,1,9:50,10:20,30,839307,903147,Regular,STTDD 004,,,,
26,91,1,9:47,10:17,30,949060,990601,Regular,STTDD 005  Therm Broken   End Meter reading was estimated from the 10mins reading (x3 for 30mins) NI,,,,
30,92,,9:55,10:25,30,304434,383892,Regular,STTDD 013  Sample clogged w/ debris had to hand dig it out Crowd @ 1022    (x3 for 30mins) NI,,,,
33,93,,,,,,,,,,,,
36,94,1,9:50,10:20,30,497927,523389,Regular,SHRD 002,,,,
38,95,1,7:48,8:18,30,247745,272723,Regular,SHRD 010   End Meter reading was estimated from the 10mins reading (x3 for 30mins) NI,,,,
41,96,1,7:53,8:23,30,814848,839314,Regular,SHRD 004,,,,
42,97,,8:05,8:35,30,,,Regular,SHRD 005  Therm Broken,,,,
46,98,1,7:58,8:28,30,284908,306151,Regular,SHRD 012   End Meter reading was estimated from the 10mins reading (x3 for 30mins) NI,,,,
47,99,1,7:59,8:29,30,298753,315811,Regular,SHRD 013   End Meter reading was estimated from the 10mins reading (x3 for 30mins) NI,,,,
49,100,1,7:53,8:23,30,361975,375706,Regular,SHRD 015   End Meter reading was estimated from the 10mins reading (x3 for 30mins) NI,,,,
51,101,,,,,,,,,,,,
52,102,,,,,,,,,,,,
54,103,1,8:07,8:37,30,382274,398588,Regular,SHRD 016   End Meter reading was estimated from the 10mins reading (x3 for 30mins) NI,,,,
74,105,,,,,,,Regular,,,,,
90,106,1,11:54,12:24,30,694000,706285,Regular,Used Larval Sample Flowmeter multiplied by 3,,,,0.00
93,107,,9:13,9:49,36,,,Regular,No meter values on datasheet,,nikemiyagi,1-203,
94,108,,10:30,11:00,30,294066,341697,Regular,Extapolated counts to 30 minutes ~341697,,nikemiyagi,1-204,156.71
95,109,,9:22,9:52,30,723906,780310,Regular,,,nikemiyagi,1-211,185.57
96,110,,9:43,10:13,30,895113,952047,Regular,,,,1-217,187.25
97,111,,10:03,10:33,30,240948,301198,Regular,,,,1-224,198.22
98,112,,9:46,10:14,30,801921,857495,Regular,,,nikemiyagi,1-304,548.52
99,113,,9:38,10:08,30,294538,348288,Regular,,,nikemiyagi,1-310,176.84
100,114,,7:37,8:07,30,872932,921913,Regular,,,nikemiyagi,1-318,161.15
101,115,,9:27,9:57,30,352222,358607,Regular,Flow meter may have been inside net,,nikemiyagi,1-325,21.01
102,116,,9:40,10:10,30,583096,633659,Regular,,,nikemiyagi,1-401,166.35
103,117,,11:52,12:22,30,0,51258,Regular,,,nikemiyagi,1-408,168.64
104,118,,11:05,11:35,30,103585,134544,Regular,,,nikemiyagi,1-514,101.86
105,119,,7:59,8:35,36,,,Regular,,,nikemiyagi,2-203,
106,120,1,11:21,11:51,30,327408,369774,Regular,,,nikemiyagi,2-204,139.38
107,121,,10:23,10:53,30,780309,824402,Regular,,,nikemiyagi,2-211,145.07
108,122,,10:45,11:15,30,8981,46793,Regular,,,nikemiyagi,2-217,124.40
109,123,,11:10,11:40,30,301201,339072,Regular,,,nikemiyagi,2-224,124.60
110,124,,10:44,11:14,30,857534,857542,Regular,,,nikemiyagi,2-304,0.03
111,125,,7:52,8:22,30,348291,348331,Regular,,,nikemiyagi,2-311,0.13
112,126,,9:39,10:09,30,921922,947862,Regular,,,nikemiyagi,2-319,85.34
113,127,,10:32,11:02,30,358630,358644,Regular,See original data sheet (only half sample kept),,nikemiyagi,2-325,0.05
114,128,,9:32,10:02,30,508085,534130,Regular,,,nikemiyagi,2-401,85.69
115,129,,9:56,9:26,30,9,15345,Regular,,,nikemiyagi,2-408,50.46
116,130,,,,,,,,,,nikemiyagi,2-513,
143,135,,11:00,11:30,30,367442,385676,Regular,use 6x's zoop meter difference,,,11-210,59.99
142,136,,13:21,13:51,30,370495,396199,Low,use 3x's zoop meter difference,,,21-209,255.89
144,138,,8:41,9:11,30,396434,407456,Regular,use 3x's zoop net meter,,,11-211,36.26
145,139,,12:05,12:15,10,402421,435976,Regular,use zoop meter diff.,,,21-212,331.19
146,140,,8:50,9:20,30,436022,551234,Regular,use 3x's zoop net difference,,,11-213,6.93
147,141,,10:52,11:07,15,436754,445240,Regular,,,,21-214,55.83
148,142,,8:47,9:13,30,442426,445681,Regular,use 3x's zoop net meter,,,11-215,10.71
149,143,,11:10,11:40,30,443537,467582,Regular,use 3x's zoop meter,,,21-216,79.11
150,144,,8:20,8:50,30,451665,465012,Regular,use 3x's zoop meter,,,11-217,43.91
151,145,,12:00,12:10,10,456394,462580,Regular,use zoop meter,,,21-218,20.35
152,146,,8:30,9:00,30,462714,467013,Regular,use zoo meter x's 3,,,11-219,14.14
153,147,,10:15,10:30,15,464147,475955,Regular,1.5x's zoop meter; boat tow,,,21-220,19.42
154,148,,8:40,9:10,30,468183,481950,Regular,meter x's 3 zoop,,,11-221,45.29
155,149,,10:20,10:35,15,472772,487792,Regular,1.5x's zoop meter,,,21-222,49.41
157,151,,11:40,12:10,30,495582,509130,Regular,3x zoop meter,,,21-224,44.57
159,153,,11:42,12:12,30,503956,510856,Regular,3x zoop meter,,,21-226,0.00
160,154,,8:53,,30,510145,511481,Regular,flow meter from the 10 min zoop net,,,11-227,13.19
161,155,,11:05,11:35,30,511822,515320,Regular,5 min set was used to get flow meter reading (end meter 512405),,,21-228,5.75
162,156,,8:38,9:08,30,512442,514263,Regular,flow meter based off 10 min zoop,,,11-229,5.99
163,157,,11:20,11:50,30,513110,514304,Regular,flow meter from 10 min zoop,,,21-230,3.93
164,158,,,,30,513256,517189,Low,low flow propeller: used different rotor constant; flow meter from 10 min set,,,11-231,974.06
165,159,,11:20,11:51,31,515520,533872,Regular,regular propeller; flow meter set at 11 minutes,,,21-232,60.38
135,160,,8:39,9:09,30,528023,531194,Low,,,,11-233,10.43
134,161,,11:05,11:35,30,530116,534733,Regular,,,,21-234,0.00
133,162,,,,30,522052,529103,,,,,,34.80
168,163,,8:28,8:58,30,541432,557935,Regular,,,,11-235,22.74
169,164,,10:16,10:46,30,543971,565396,Regular,,,,21-236,70.49
170,165,,8:25,8:55,30,551849,562292,Regular,,,,11-237,34.36
171,166,,10:05,10:35,30,555338,576044,Regular,3x zoop meter,,,21-238,68.12
172,167,,9:18,9:28,10,572506,652188,Regular,,,,11-301,174.77
173,168,,11:34,11:38,4,572524,585424,Regular,High Flow/much debris,,,21-302,11.32
174,169,,10:10,10:20,10,585609,589957,Regular,,,,11-303,0.00
175,170,,12:00,12:10,10,589971,619771,Regular,,,,21-304,98.04
202,171,,9:15,9:30,15,490385,503688,Regular,,,,11-305,
203,172,,12:00,12:10,10,503690,652824,Regular,,,,21-306,
178,173,,9:45,10:00,15,527066,542542,Regular,,,,11-307,54.22
204,174,,12:00,12:15,15,542534,566103,Regular,,,,21-308,
179,175,,9:08,9:18,10,685490,695724,Regular,,,,11-309,33.67
180,176,,11:25,11:35,10,695737,718020,Regular,dirty samples,,,21-310,73.31
181,177,,9:57,10:07,10,718165,721782,Regular,,,,11-311,11.90
182,178,,11:30,11:40,10,624114,648018,Regular,,,,21-312,78.64
183,179,,9:25,9:35,10,648028,656940,Regular,,,,11-313,29.32
184,180,,9:23,9:33,10,750518,757069,Regular,,,,11-314,21.55
185,181,,11:00,11:10,10,757139,765317,Regular,,,,21-315,26.91
186,182,,9:02,9:12,10,765366,767599,Regular,,,,11-316,7.35
187,183,,10:35,10:45,10,767680,776354,Regular,,,,21-317,28.54
188,184,,8:57,9:07,10,781284,781630,Regular,,,,11-318,1.14
189,185,,10:26,10:36,10,781626,793506,Regular,,,,21-319,39.09
190,186,,9:00,9:10,10,793522,793569,Regular,,,,11-320,0.15
191,187,,10:15,10:25,10,793590,800891,Regular,,,,21-321,24.02
192,188,,9:00,9:15,10,800947,800998,Regular,,,,11-322,0.17
193,189,,10:50,11:00,10,800989,814656,Regular,,,,21-323,44.96
194,190,,8:42,8:52,10,814658,816322,Regular,,,,11-324,5.47
195,191,,9:59,10:09,10,816319,826732,Regular,meter reading from zoop,,,21-325,34.26
196,192,,8:57,9:07,10,826750,828327,Regular,,,,11-326,5.19
197,193,,10:39,10:49,10,828332,838205,Regular,meter reading from zoop;end meter not written down right after sample pulled,,,21-327,32.48
198,194,,8:38,8:48,10,838208,839736,Regular,,,,11-328,5.03
199,195,,9:56,10:06,10,839731,839748,Regular,meter reading from zoop,,,21-329,0.06
200,196,,9:00,9:10,10,839755,839797,Regular,,,,11-330,0.14
201,197,,10:13,10:23,10,839807,845908,Regular,meter reading from zoop,,,21-331,20.07
119,209,,9:00,9:30,30,490641,505311,Regular,3x zoop meter,,,11-223,48.26
122,210,,8:30,9:00,30,500102,504698,Regular,flow meter from the 10 min zoop x's 3,,,11-225,15.12
224,212,1,10:00,10:10,10,109191,109352,Low,Low Speed,,,,
227,214,1,9:35,9:45,10,71197,74505,Regular,,,,,
229,215,1,11:45,12:45,10,74507,90332,Regular,,,,,
230,216,1,9:44,9:54,10,19945,19956,Low,Low Speed - Flow Meter,,,,
233,217,1,9:57,10:07,10,90332,90395,Regular,,,,,
,218,1,11:50,12:00,10,90407,100204,,,,,,
241,219,1,11:50,12:00,10,90407,100204,Regular,,,,,
243,220,1,13:54,14:04,10,108199,109082,Low,,,,,
244,221,,10:30,10:40,10,104165,108196,Low,,,,,
245,222,1,13:18,13:28,10,102670,104158,Low,,,,,
246,223,1,11:30,11:40,10,98641,102472,Low,,,,,
247,224,1,9:46,9:56,10,102503,102674,Low,Very low flow,,,,
248,225,1,11:54,12:04,10,107105,124357,Regular,,,,,
249,226,1,9:31,9:41,10,98592,107088,Regular,,,,,
250,227,1,11:16,11:26,10,122493,135095,Regular,,,,,
251,228,1,9:18,9:28,10,122483,124703,Regular,,,,,
252,229,1,11:54,12:04,10,130582,135127,Low,,,,,
253,230,1,9:35,9:45,10,135135,135192,Low,,,,,
254,231,1,11:16,11:26,10,124417,128745,Low,,,,,
255,232,1,9:15,9:25,10,128762,130566,Low,,,,,
256,233,1,11:27,11:37,10,120519,123786,Low,,,,,
257,234,1,9:10,9:20,10,123819,124400,Low,,,,,
258,235,,9:23,9:33,10,116824,120529,Low,,,,,
261,236,1,11:41,11:51,10,112545,116800,Low,,,,,
262,237,1,9:12,9:22,10,110784,112541,Low,,,,,
263,238,1,10:58,11:08,10,108107,110778,Low,,,,,
264,239,1,9:17,9:27,10,106146,108098,Low,,,,,
265,240,1,11:00,11:10,10,105287,106108,Low,,,,,
266,241,1,11:46,11:56,10,102185,102851,Low,,,,,
267,242,1,9:45,9:55,10,102856,105300,Low,,,,,
239,243,1,11:42,11:52,10,19811,19817,Low,,,,,
228,244,1,9:42,9:52,10,19817,26831,Regular,,,,,
234,245,1,12:27,12:37,10,26832,49262,Regular,,,,,
238,246,1,9:42,9:52,10,49280,49828,Regular,,,,,
225,247,,12:00,12:10,10,49823,71154,Regular,,,,,
222,249,1,9:20,9:30,10,100208,100231,Regular,,,,,
259,250,1,11:30,11:40,10,100232,107737,Regular,,,,,
268,251,1,9:37,9:47,10,107044,107770,Regular,,,,,
270,252,1,11:45,11:55,10,107767,115493,Regular,,,,,
271,253,1,9:36,9:46,10,115493,115503,Regular,,,,,
272,254,1,11:30,11:40,10,115888,115893,Regular,,,,,
273,255,1,9:22,9:32,10,115895,115909,Regular,,,,,
274,256,1,11:23,11:33,10,115195,124610,Regular,,,,,
275,257,1,10:41,10:51,10,123280,124598,Low,,,,,
276,258,1,11:50,12:00,10,118925,123268,Low,,,,,
277,259,1,9:26,9:36,10,118599,118940,Regular,,,,,
278,260,1,11:15,11:25,10,114183,118599,Regular,,,,,
279,261,1,9:21,9:31,10,113459,114189,Low,,,,,
280,262,1,11:36,11:46,10,109355,113454,Low,,,,,
281,263,1,9:26,9:36,10,101701,102150,Low,low flow rotor used,,,,
282,264,1,11:36,11:46,10,98114,101711,Low,low flow rotor used,,,,
283,265,1,9:18,9:28,10,96600,98100,Low,low flow rotor used,,,,
284,266,1,10:56,11:06,10,95769,96592,Low,low flow rotor used,,,,
285,267,1,11:07,11:12,5,102195,107824,Regular,,,,,
286,268,1,9:25,9:35,10,95808,102194,Regular,"EC, was fluctuating, 70-100 possily due to low flow",,,,
287,269,1,9:20,9:30,10,107811,118500,Regular,,,,,
288,270,1,11:26,11:36,10,118524,136104,Regular,,,,,
289,271,1,11:30,11:35,5,140496,155197,Regular,,,,,
290,272,1,9:48,9:58,10,136104,140496,Regular,,,,,
292,273,1,12:50,13:00,10,167774,174354,Regular,,,,,
293,274,1,11:18,11:23,5,155185,167522,Regular,,,,,
294,275,1,11:18,11:28,10,184892,187703,Regular,,,,,
295,276,1,9:37,9:42,5,174390,184894,Regular,,,,,
296,277,1,9:29,9:39,10,187704,190837,Regular,,,,,
297,278,,,,,,,,insfit flow,,,,
298,279,1,9:07,9:17,10,190826,195630,Regular,,,,,
299,280,1,11:04,11:09,5,195650,202154,Regular,,,,,
300,281,1,11:50,12:00,10,204829,210563,Regular,,,,,
301,282,1,9:21,9:31,10,202331,204797,Regular,,,,,
302,283,1,11:30,11:40,10,216602,223675,Regular,,,,,
303,284,1,9:22,9:32,10,216569,216592,Regular,,,,,
304,285,1,12:17,12:27,10,225472,233144,Regular,,,,,
305,286,1,10:17,10:27,10,223726,223871,Regular,,,,,
306,287,1,11:03,11:13,10,67969,71305,Low,,,,,
307,288,1,9:12,9:22,10,71301,72870,Low,,,,,
308,289,1,9:11,9:21,10,225135,226912,Low,,,,,
309,290,1,11:05,11:15,10,219514,225035,Low,,,,,
310,291,1,11:30,11:40,10,214200,215902,Low,,,,,
311,292,1,9:36,9:46,10,215924,219485,Low,,,,,
312,293,1,9:48,9:58,10,210567,214174,Low,,lrojas,cstuart,,
313,294,1,12:21,12:31,10,207608,210546,Low,,,,,
317,297,1,13:50,14:00,10,622863,623699,Regular,use E&L flow meter,,,,
319,298,,15:37,15:47,10,24746,26070,Regular,,,,,
320,299,1,10:01,10:11,10,0,910,Regular,use E&L flow - Meter Reset - Altered for volume calculation,,,,
321,300,1,12:42,12:52,10,663298,666418,Regular,use E&L,,,,
322,301,1,13:05,13:15,10,26250,26354,Regular,,,,,
324,302,,15:47,15:57,10,9918,14600,Regular,,,,,
325,303,,11:13,11:23,10,26649,26717,Regular,,,,,
326,304,1,13:36,13:46,10,26736,26823,Regular,,,,,
328,306,1,11:38,11:48,10,14639,14746,Regular,,,,,
329,307,1,12:05,12:15,10,14757,19927,Regular,,,,,
330,308,,13:40,13:50,10,19959,19963,Regular,,,,,
331,309,1,10:50,11:00,10,19924,19960,Regular,,,,,
332,310,1,9:25,,10,27580,27605,Regular,,,,,
333,311,1,12:00,12:10,10,27639,27711,Regular,,,,,
334,312,1,14:22,14:32,10,28275,28437,Regular,,,,,
335,313,,12:30,12:40,10,27723,28256,Regular,,,,,
337,314,1,11:14,11:24,10,772041,777897,Regular,,,,,
339,315,1,9:12,9:22,10,770408,772042,Regular,,,,,
340,316,1,12:43,12:53,10,760532,770328,Regular,,,,,
338,317,1,15:30,15:40,10,19922,19923,Regular,,,,,
341,318,1,9:58,10:08,10,756606,760508,Regular,,,,,
344,319,1,12:53,13:03,10,743769,756506,Regular,,,,,
345,320,1,9:41,9:51,10,737219,743725,Regular,,,,,
346,321,1,14:21,14:31,10,726662,737160,Regular,,,,,
347,322,1,12:31,12:41,10,714995,726661,Regular,,,,,
352,323,1,12:50,13:00,10,695574,714877,Regular,,,,,
353,324,1,10:40,10:50,10,686537,695484,Regular,,,,,
354,325,1,11:23,11:33,10,658090,686481,Regular,,,,,
355,326,1,9:21,9:31,10,648048,657984,Regular,,,,,
358,327,1,11:20,11:30,10,621754,647730,Regular,,,,,
359,328,1,9:33,9:43,10,613674,621704,Regular,,,,,
360,329,,11:27,11:37,10,580282,602921,Regular,,,,,
361,330,1,14:02,14:12,10,603084,613632,Regular,,,,,
362,331,1,10:59,11:09,10,552128,580045,Regular,,,,,
363,332,1,9:04,9:14,10,542803,552164,Regular,,,,,
364,333,1,10:56,11:06,10,514937,542528,Regular,,,,,
365,334,1,9:18,9:28,10,507039,514855,Regular,,,,,
366,335,1,9:25,9:35,10,462508,486545,Regular,,,,,
369,336,1,14:23,14:33,10,480249,486527,Regular,,,,,
370,337,1,11:30,11:40,10,461517,480088,Regular,,,,,
371,338,1,11:48,11:58,10,438545,461527,Regular,,,,,
372,339,1,9:42,9:52,10,433350,438457,Regular,,,,,
373,340,1,9:57,10:07,10,417189,425765,Regular,,,,,
374,341,,12:05,12:15,10,425857,433335,Regular,,,,,
375,342,1,10:17,10:27,10,378653,389434,Regular,,,,,
376,343,1,12:32,12:42,10,389592,417162,Regular,,,,,
377,344,1,12:53,13:03,10,350007,378585,Regular,,,,,
378,345,1,10:00,10:10,10,337455,350041,Regular,,,,,
379,346,,12:00,12:10,10,309858,337427,Regular,,,,,
380,347,1,14:30,14:40,10,466518,482018,Regular,,lrojas,cstuart,,
381,348,,15:45,15:55,10,455743,466518,Regular,,,,,
382,349,1,11:14,11:24,10,448475,451006,Low,,lrojas,,,
383,350,1,11:20,11:30,10,450089,451008,Regular,,,,,
384,351,1,13:20,13:30,10,453991,454005,Regular,Very low flow,lrojas,cstuart,,
385,352,1,14:07,14:17,10,453748,454009,Regular,,lrojas,cstuart,,
386,353,,13:45,13:55,10,98711,99406,Regular,,lrojas,cstuart,,
387,354,,10:00,10:10,10,450011,453588,Regular,,lrojas,cstuart,,
388,355,,12:10,12:20,10,453585,453730,Regular,,,,,
389,356,1,13:50,14:00,10,419981,499999,Regular,,,,,
390,357,1,11:10,11:20,10,414052,419997,Regular,,,,,
391,358,,9:44,9:55,10,411206,414044,Regular,,,,,
392,359,1,10:10,10:20,10,369611,383584,Regular,,,,,
393,360,,13:18,13:28,10,350043,369624,Regular,,,,,
394,361,,11:06,11:16,10,349490,350043,Regular,,,,,
395,362,,13:12,13:22,10,319622,348456,Regular,,,,,
396,363,,9:55,,10,312992,319602,Regular,,,,,
397,364,1,13:37,13:47,10,297038,312232,Regular,,,,,
398,365,,13:48,13:54,6,235556,250716,Regular,,,,,
399,366,,12:05,12:15,10,217655,227045,Regular,,,,,
400,367,,10:38,10:48,10,211481,217628,Regular,,,,,
401,368,1,13:55,14:05,10,194984,211466,Regular,,,,,
402,369,,10:10,10:20,10,150007,158200,Regular,,,,,
403,370,1,12:25,12:35,10,158219,174486,Regular,,,,,
405,372,1,12:39,12:49,10,3600,35613,Regular,,,,,
406,373,1,10:41,10:51,10,48,3601,Regular,,,,,
407,374,1,12:35,12:45,10,482249,490652,Regular,,,,,
408,375,1,14:23,14:33,10,490644,493018,Regular,,lrojas,cstuart,,
409,376,1,14:12,14:22,10,493001,507825,Regular,,lrojas,cstuart,,
410,377,1,10:54,11:04,10,506176,508851,Low,Low flow meter,lrojas,cstuart,,
411,378,1,15:10,15:20,10,489444,489422,Regular,,,,,
412,379,1,13:15,13:25,10,488311,489431,Regular,,lrojas,cstuart,,
413,380,,14:40,14:50,10,500028,504970,Regular,,,,,
414,381,,10:40,10:50,10,485229,488294,Low,,lrojas,cstuart,,
415,382,1,15:50,16:00,10,504968,509998,Regular,,lrojas,cstuart,,
416,383,1,12:00,,10,510036,528030,Regular,,lrojas,cstuart,,
417,384,,15:50,16:00,10,538482,540000,Regular,Flowmeter not spinning the entire time,lrojas,cstuart,,
418,385,1,14:30,14:40,10,528404,538478,Regular,,,,,
419,386,1,16:10,16:20,10,541987,561586,Regular,,lrojas,cstuart,,
420,387,,10:22,10:32,10,540000,541995,Regular,,lrojas,cstuart,,
421,388,1,13:35,13:45,10,589407,590017,Regular,,,,,
422,389,1,14:30,14:40,10,609176,612747,Regular,,lrojas,cstuart,,
423,390,1,12:30,12:40,10,590015,609174,Regular,,lrojas,cstuart,,
424,391,1,14:50,15:00,10,612745,619997,Regular,,,,,
425,392,,14:20,14:30,10,611607,610045,Regular,,,,,
426,393,,15:25,15:35,10,617144,618160,Low,,lrojas,,,
427,394,,11:45,11:55,10,610048,618154,Regular,,lrojas,cstuart,,
428,395,,13:05,13:15,10,616024,617140,Low,,lrojas,cstuart,,
429,396,,14:30,14:40,10,616024,614064,Low,,,,,
430,397,,13:05,13:15,10,609329,614064,Low,,lrojas,cstuart,,
431,398,,13:45,,10,161072,173150,Regular,,lrojas,cstuart,,
432,399,1,15:55,16:05,10,578300,580910,Low,,lrojas,cstuart,,
433,400,1,14:20,14:30,10,583434,580909,Low,,,,,
434,401,1,10:40,10:50,10,249386,258295,Regular,,lrojas,cstuart,,
435,402,,13:05,13:15,10,258290,278533,Regular,,lrojas,cstuart,,
436,403,1,16:00,16:10,10,278533,284258,Regular,,,,,
437,404,,15:30,15:40,10,283942,282447,Low,Low flow prop,,,,
438,405,,10:30,10:40,10,248442,287496,Regular,,lrojas,cstuart,,
439,406,1,12:10,12:20,10,287495,294661,Regular,,lrojas,cstuart,,
440,407,1,11:15,11:25,10,294669,304252,Regular,,lrojas,cstuart,,
441,408,,13:34,13:44,10,304268,309668,Regular,,lrojas,cstuart,,
442,409,,14:55,15:05,10,309668,309642,Low,,,,,
445,411,1,9:16,9:26,10,207680,209914,Regular,,lrojas,jjenkins,,
446,412,1,11:03,11:13,10,209918,218182,Regular,,lrojas,jjenkins,,
447,413,1,11:58,12:08,10,227147,230883,Regular,,lrojas,jjenkins,,
448,414,1,9:37,9:47,10,218188,221475,Regular,,lrojas,jjenkins,,
449,415,4,9:10,9:20,10,230906,233332,Regular,Used E&L flow meter value,lrojas,jjenkins,,
450,416,4,10:38,10:48,10,233333,241694,Regular,,lrojas,acasby,,
451,417,1,8:45,8:55,10,241713,245395,Regular,,lrojas,acasby,,
452,418,1,10:30,10:40,10,245383,256699,Regular,,lrojas,acasby,,
453,419,1,10:17,10:27,10,262736,276287,Regular,,lrojas,acasby,,
454,420,1,8:38,8:48,10,257049,262726,Regular,,lrojas,acasby,,
455,421,1,12:02,12:07,5,283156,287556,Regular,,lrojas,acasby,,
456,422,1,10:23,10:28,5,276401,282192,Regular,,lrojas,acasby,,
457,423,1,9:51,10:01,10,287727,298855,Regular,,lrojas,acasby,,
458,424,2,13:06,13:16,10,298855,306585,Regular,,lrojas,acasby,,
459,425,1,9:56,10:06,10,133784,139440,Regular,,lrojas,acasby,,
460,426,1,12:43,12:47,4.5,150299,153557,Regular,,lrojas,acasby,,
461,427,1,8:47,8:57,10,55,7104,Regular,,lrojas,acasby,,
462,428,1,11:04,11:14,10,13313,26354,Regular,,lrojas,acasby,,
463,429,1,10:44,10:54,10,33396,42934,Regular,,lrojas,acasby,,
465,431,1,8:50,9:00,10,172257,176762,Regular,,lrojas,acasby,,
466,432,1,10:37,10:47,10,49924,56914,Regular,,lrojas,jjenkins,,
467,433,1,8:35,8:45,10,57159,63015,Regular,,lrojas,jjenkins,,
468,434,1,10:32,10:42,10,63026,73592,Regular,,lrojas,jjenkins,,
469,435,1,8:47,8:57,10,73563,80656,Regular,,lrojas,jjenkins,,
470,436,1,10:30,10:40,10,80666,90515,Regular,,lrojas,jjenkins,,
327,437,1,9:27,9:37,10,14628,14635,Regular,,,,,
367,438,1,11:38,11:48,10,492567,506993,Regular,,,,,
472,439,1,11:07,11:17,10,108161,115483,Regular,,lrojas,jjenkins,,
473,440,1,9:19,9:29,10,105043,108159,Regular,,lrojas,jjenkins,,
477,441,1,8:40,8:50,10,90789,97519,Regular,,lrojas,jjenkins,,
478,442,1,10:25,10:35,10,97520,104920,Regular,,lrojas,jjenkins,,
480,443,1,10:07,10:17,10,119091,124330,Regular,,lrojas,jjenkins,,
481,444,,8:20,8:30,10,115470,119036,Regular,,lrojas,jjenkins,,
482,445,1,12:10,12:20,10,1640,7628,Regular,From Zoop Net 1/8 (see 1/8/04 data sheet),,,,
483,446,1,10:17,10:27,10,57,1064,Regular,From Zoop Net 1/8 (see 1/8/04 data sheet),,,,
485,447,,,,,,,,,,,,
486,448,1,13:40,13:50,10,42084,58045,Regular,,,,,
487,449,1,,,11,37704,91731,Regular,,,,,
488,450,2,12:10,12:20,10,60689,69101,Regular,Heavy debris in drift net -,,,,
489,451,1,9:30,9:40,10,58048,60668,Regular,all at same time,,,,
490,452,1,13:15,13:25,10,78295,95312,Regular,,,,,
491,453,1,10:30,10:40,10,69130,78291,Regular,,,,,
492,454,1,13:15,13:25,10,71291,71827,Regular,* NOTE Chloro's taken at STTD also this day-see below,,,,
493,455,1,,,10,109597,140340,Regular,No Chloro's this day - Instead taken on 3/10,,,,
496,456,1,12:35,12:45,10,141250,158524,Regular,,,,,
497,457,1,10:14,10:24,10,140343,141048,Regular,,,,,
498,458,1,9:15,9:25,10,158512,165919,Regular,,,,,
499,459,1,10:00,10:10,10,128309,135951,Regular,,lrojas,jjenkins,,
500,460,1,8:20,8:30,10,124352,128245,Regular,REGULAR,lrojas,jjenkins,,
502,461,,9:30,9:40,10,475446,494609,Regular,STTDL 018,nikemiyagi,nikemiyagi,,
503,462,1,10:12,10:22,10,140375,144181,Regular,,lrojas,jjenkins,,
504,463,1,8:24,8:34,10,136102,140344,Regular,,lrojas,jjenkins,,
505,464,1,10:32,10:42,10,172000,176489,Regular,Regular flow meter speed,lrojas,jjenkins,,
506,465,1,8:15,8:25,10,163500,167798,Regular,Regular flow meter speed,lrojas,jjenkins,,
176,466,,,,,,,,no drift-forgot net,,,,
554,467,1,10:20,10:30,10,154000,159753,Regular,regular flow meter (unless it's noted),lrojas,jjenkins,,
555,468,1,8:23,8:33,10,145000,149447,Regular,regular flow meter (unless it's noted),lrojas,jjenkins,,
556,469,2,9:57,10:07,10,192000,192308,Regular,"Near Slack Tide, Low Flow (2)",lrojas,jjenkins,,
557,470,1,8:14,8:24,10,182000,187085,Regular,,lrojas,jjenkins,,
558,471,1,10:39,10:49,10,196802,205893,Regular,Regular flow meter speed,lrojas,jjenkins,,
559,472,,8:25,8:35,10,192255,196565,Regular,Regular flow meter speed,lrojas,jjenkins,,
560,473,1,8:26,8:36,10,206000,209441,Regular,Regular Flow Meter,lrojas,jjenkins,,
561,474,1,10:36,10:46,10,213000,219771,Regular,Regular Flow Meter,lrojas,jjenkins,,
562,475,1,8:27,8:37,10,165,1200,Low,Low Speed Flow Meter Count Backwards  (Flow Meter Sticky),lrojas,jjenkins,,
563,476,1,10:40,10:50,10,1992,4600,Low,Low Speed Flow Meter Count Backwards,lrojas,jjenkins,,
564,477,1,8:13,8:23,10,994227,996000,Low,Low Speed Flow Meter,lrojas,jjenkins,,
565,478,1,9:56,10:06,10,990405,994000,Low,Low Speed Flow Meter  USED MOTOR / FLOODTIDE / DROVE UPSTREAM,lrojas,jjenkins,,
566,479,1,8:28,8:38,10,988314,990000,Low,Low Speed Flow Meter,lrojas,jjenkins,,
567,480,1,10:38,10:48,10,983972,988000,Low,Low Speed Flow Meter,lrojas,jjenkins,,
568,481,1,10:32,10:42,10,978438,983500,Low,Low Speed Flow Meter  Motor Used,lrojas,jjenkins,,
569,482,2,8:34,8:44,10,983709,984000,Low,Low Speed Flow Meter  Note: Condition 2 -> Extra Boat Tied Up at SHR Dock,lrojas,jjenkins,,
570,483,1,8:27,8:37,10,977998,979000,Low,Low Speed Flow Meter,jshen,jjenkins,,
571,484,1,10:21,10:31,10,973214,977800,Low,Low Speed Flow Meter (StartMeter - EndMeter),jshen,jjenkins,,
572,486,1,11:03,11:13,10,964324,970300,Low,,jshen,jjenkins,,
573,487,1,8:45,8:55,10,870285,973000,Low,,jshen,jjenkins,,
574,488,1,11:00,11:10,10,962887,965000,Low,,jshen,jjenkins,,
575,489,1,8:46,8:56,10,964500,965016,Regular,,jshen,jjenkins,,
577,490,1,11:29,11:39,10,957107,958400,Low,,jshen,jjenkins,,
578,491,1,9:10,9:20,10,958189,962730,Low,,jshen,jjenkins,,
579,492,1,10:46,10:56,10,955705,957090,Low,,jshen,jjenkins,,
580,493,1,9:02,9:12,10,956900,956998,Regular,,jshen,jjenkins,,
581,494,1,7:55,8:05,10,953317,955640,Low,,jshen,jjenkins,,
582,495,1,10:07,10:17,10,948565,953300,Low,,jshen,jjenkins,,
583,496,1,10:00,10:10,10,923737,927500,Low,,jshen,jjenkins,,
584,497,1,8:25,8:35,10,927615,930000,Low,,jshen,jjenkins,,
585,498,1,8:33,8:43,10,941989,948500,Low,,jshen,jjenkins,,
586,499,1,10:29,10:39,10,938618,941700,Low,,jshen,jjenkins,,
587,500,1,10:05,10:15,10,929313,935000,Low,,jshen,jjenkins,,
590,503,1,8:47,8:57,10,922400,924000,Low,,jshen,jjenkins,,
591,504,1,10:20,10:30,10,919992,922000,Low,,jshen,jjenkins,,
592,505,1,11:57,12:07,10,914945,916000,Low,,jshen,jjenkins,,
593,506,1,8:28,8:38,10,916728,920000,Low,,jshen,jjenkins,,
594,507,1,8:11,8:21,10,911795,915000,Low,,jshen,jjenkins,,
595,508,1,10:27,10:37,10,909980,911000,Low,,jshen,jjenkins,,
596,509,1,10:58,11:08,10,907991,908400,Low,,jshen,jjenkins,,
597,510,1,8:37,8:47,10,908442,910000,Low,,jshen,jjenkins,,
598,511,1,10:02,10:12,10,903646,905300,Low,,jshen,jjenkins,,
599,512,1,7:55,8:05,10,905366,907900,Low,,jshen,jjenkins,,
600,513,1,8:12,8:22,10,900029,903000,Low,,jshen,jjenkins,,
601,514,1,10:12,10:22,10,788889,900000,Low,,jshen,jjenkins,,
602,515,1,10:07,10:17,10,899980,900000,Low,flowmeter only moved 20 turns,jshen,jjenkins,,
603,516,1,7:47,7:57,10,897306,900000,Low,,jshen,jjenkins,,
646,525,1,7:02,7:12,10,898808,900000,Low,,jshen,jjenkins,,
647,526,1,9:03,9:13,10,895908,898600,Low,,jshen,jjenkins,,
648,527,1,8:05,8:15,10,893954,895900,Low,,jshen,jjenkins,,
649,528,1,9:47,9:57,10,891855,894000,Low,,jshen,jjenkins,,
651,530,1,9:20,9:30,10,884911,890000,Low,,jshen,jjenkins,,
652,531,1,7:19,7:29,10,890000,892000,Low,,jshen,jjenkins,,
653,532,1,8:30,8:40,10,884189,884860,Low,,jshen,jjenkins,,
654,533,3,11:10,11:12,2,983998,984067,Low,,jshen,jjenkins,,
655,534,2,8:02,8:12,10,883920,884000,Low,"low flow, flow meter not spinning",jshen,jjenkins,,
656,535,1,10:10,10:12,2,883710,884000,Low,"high amounts of algae, 2 min tow. Used boat (flood tide)",jshen,jjenkins,,
657,536,1,10:43,10:53,10,880065,883000,Low,,jshen,jjenkins,,
658,537,1,8:40,8:50,10,882862,883000,Low,,jshen,jjenkins,,
659,538,1,9:12,9:22,10,867257,880000,Low,,jshen,jjenkins,,
660,539,1,11:25,11:35,10,979146,980000,Low,used zoop flow meter because E&L flowmeter spun intermittenly,jshen,jjenkins,,
661,540,1,8:27,8:37,10,876208,877300,Low,,jshen,jjenkins,,
662,541,1,10:16,10:26,10,872665,876000,Low,"ebb tide, anchored boat",jshen,jjenkins,,
663,542,1,11:00,11:10,10,861530,869000,Low,,jshen,jjenkins,,
664,543,1,8:45,8:55,10,869210,873000,Low,,jshen,jjenkins,,
667,546,1,8:48,8:58,10,862000,870000,Regular,,jshen,jjenkins,,
668,547,1,11:51,11:54,3,899774,910346,Regular,,jshen,jjenkins,,
669,548,1,8:25,8:35,10,923000,923526,Regular,,mogaz,hcarlson,,
670,549,1,10:18,10:28,10,923000,930000,Regular,,amunguia,hcarlson,,
671,550,1,11:25,11:35,10,930700,930999,Regular,,amunguia,hcarlson,,
672,551,1,8:36,8:46,10,930000,930444,Regular,,mogaz,hcarlson,,
673,552,1,8:20,8:30,10,930000,930415,Regular,,mogaz,hcarlson,,
674,553,1,10:15,10:25,10,930500,930523,Regular,,amunguia,hcarlson,,
676,554,1,8:25,8:35,10,930000,930222,Regular,,mogaz,hcarlson,,
677,555,1,10:13,10:23,10,930000,931999,Regular,,amunguia,hcarlson,,
678,556,1,8:30,8:40,10,0,2157,Low,Meter reset - Altered value for volume calculation,mogaz,hcarlson,,
679,557,1,11:05,11:15,10,929384,929900,Low,"Really low flow, near bottom of tide",amunguia,hcarlson,,
680,558,1,8:20,8:30,10,927333,929000,Low,,mogaz,hcarlson,,
681,559,1,9:55,10:05,10,924090,927100,Low,,amunguia,hcarlson,,
682,560,1,8:22,8:32,10,921973,923965,Low,,mogaz,hcarlson,,
683,561,1,11:25,11:35,10,920002,921929,Low,Flood tide,amunguia,hcarlson,,
684,562,1,8:25,8:35,10,917947,920000,Low,,mogaz,hcarlson,,
685,563,1,10:40,10:50,10,915273,918000,Low,ebb tide,amunguia,hcarlson,,
494,564,,,,,,,,,,,,
686,565,1,8:48,8:58,10,913463,915000,Low,,mogaz,hcarlson,,
687,566,1,10:40,10:50,10,910373,913400,Low,Flood tide; motor was used,amunguia,jfrantzich,,
623,567,,,,,,,,,,,,
688,568,1,14:20,14:50,30,677719,,Regular,Flow @ .15 m/s - Flowmeter did not spin,,,,
689,569,1,10:12,10:22,10,905463,908272,Low,,amunguia,hcarlson,,
690,570,1,8:25,8:35,10,908359,910300,Low,,mogaz,hcarlson,,
128,571,,,,,,,,no sample,,,,
129,572,,,,,,,,no sample,,,,
691,573,1,10:50,11:00,10,899059,903900,Low,,amunguia,hcarlson,,
692,574,1,9:00,9:10,10,903881,905442,Low,"No sample IDed by EcoAnalysts's -sample damaged during shipping, unable to recover sample",,,,
694,575,1,7:45,7:55,10,890890,899000,Low,,mogaz,hcarlson,,
695,576,1,9:35,9:45,10,894650,896900,Low,motor is used,amunguia,hcarlson,,
696,577,1,10:15,10:25,10,889750,894200,Low,"Sampling from the trap, ebb tide",amunguia,hcarlson,,
697,578,1,8:20,8:30,10,894225,895000,Low,,mogaz,hcarlson,,
698,579,1,8:25,8:35,10,889882,890000,Low,,mogaz,hcarlson,,
699,580,1,10:15,10:25,10,884989,890000,Low,,Amunguia,hcarlson,,
701,581,1,9:30,9:40,10,880858,885000,Low,"used motor, flood tide/beginning of ebb",amunguia,hcarlson,,
702,582,1,9:30,9:40,10,874524,880000,Low,tow with motor,mogaz,hcarlson,,
,583,,,,,,,,,lrojas,,,
703,584,1,10:05,10:15,10,875230,880000,Low,tow on boat,mogaz,hcarlson,,
704,585,1,8:50,9:00,10,873967,875000,Low,,amunguia,hcarlson,,
705,586,1,9:30,9:40,10,867076,872000,Low,"tow with jet boat - No sample IDed by EcoAnalysts's, container broke during shipping- unable to reco",,,,
706,587,1,10:32,10:42,10,872140,873900,Low,,amunguia,hcarlson,,
707,588,1,10:30,10:40,10,867382,870000,Low,From STTD (Ebb Tide) / Container broke during shipping - not able to recover sample,,,,
708,589,1,9:30,9:40,10,862052,867000,Low,"jet boat used / Lid broke in shipment, sample recovered, possible cross contaimination",mogaz,hcarlson,,
709,590,1,10:12,10:22,10,859518,862000,Low,Container broke during shipping - not able to recover sample,,,,
710,591,1,9:45,9:55,10,853904,859000,Low,tow with jet boat,mogaz,hcarlson,,
711,592,1,9:27,9:37,10,850880,853900,Low,Microcystis in sample - Container broke during shipping - not able to recover sample,,,,
712,593,1,12:10,12:20,10,845375,850566,Low,,mogaz,hcarlson,,
713,594,1,10:05,10:15,10,840031,845000,Low,,mogaz,hcarlson,,
714,595,1,11:25,11:35,10,832458,837480,Low,Microcystis present,amunguia,hcarlson,,
715,596,1,9:58,10:08,10,828095,832000,Low,boat used no motor,amunguia,hcarlson,,
716,597,1,12:00,12:10,10,826538,828000,Low,SHR dock / Container broke during shipping - not able to recover sample,,,,
717,598,1,9:55,10:05,10,821096,826000,Low,,mogaz,hcarlson,,
718,599,1,10:55,11:05,10,808096,812000,Low,jet boat anchor used,amunguia,hcarlson,,
719,600,1,9:30,9:40,10,803759,808000,Low,Container broke during shipping - not able to recover sample,,,,
721,601,1,10:30,10:40,10,800752,804000,Low,boat used no motor (ebb tide),amunguia,hcarlson,,
723,602,1,11:05,11:15,10,816747,821000,Low,,amunguia,hcarlson,,
724,603,1,9:45,9:55,10,812068,816600,Low,,mogaz,hcarlson,,
725,604,1,9:19,9:29,10,796783,800000,Low,,amunguia,hcarlson,,
726,605,1,8:58,9:08,10,791573,797000,Low,,mogaz,hcarlson,,
728,606,1,8:55,9:05,10,789983,791000,Low,,amunguia,hcarlson,,
729,607,1,9:23,9:33,10,784529,790000,Low,,mogaz,hcarlson,,
760,608,1,9:55,10:05,10,782001,784000,Low,"flood tide, motor used",amunguia,hcarlson,,
762,609,1,9:00,9:10,10,776473,781700,Low,,mogaz,hcarlson,,
763,610,1,9:25,9:35,10,771091,776400,Low,"jet boat used, ebb tide",mogaz,hcarlson,,
765,611,1,9:50,10:00,10,768519,771000,Low,,,hcarlson,,
766,612,1,9:30,9:40,10,763567,769000,Low,"ebb tide, jet boat used",mogaz,hcarlson,,
768,613,1,9:20,9:30,10,759472,763000,Low,,Amunguia,hcarlson,,
769,614,1,10:15,10:25,10,756057,760000,Low,,mogaz,rfichman,,
771,615,1,9:40,9:50,10,750313,755000,Low,"ebb tide but low flow, jet boat used",mogaz,rfichman,,
666,616,1,10:18,10:23,5,911190,923380,Regular,,amunguia,hcarlson,,
665,617,1,8:25,8:35,10,910790,910996,Regular,,mogaz,hcarlson,,
773,618,1,9:35,9:45,10,744720,750000,Low,"Ebb tide, low flow, jet boat used",mogaz,rfichman,,
776,620,1,9:36,9:46,10,736198,740000,Low,,mogaz,rfichman,,
777,621,1,10:00,10:10,10,735983,736000,Low,"sampled from RST. Bottom of ebb tide, pretty slow current.",mogaz,rfichman,,
779,622,1,10:10,10:20,10,730803,736000,Low,Ebb tide 225K cfs jet boat used,mogaz,rfichman,,
780,623,,10:05,10:15,10,727769,730700,Low,Ebb tide sample taken at RST,mogaz,rfichman,,
609,624,,12:35,12:45,10,210539,221430,Regular,,,,,
610,625,,9:15,9:25,10,210377,210548,Regular,,,,,
615,626,,10:35,10:45,10,221754,221818,Regular,,,,,
616,627,,14:05,14:15,10,221812,225008,Regular,,,,,
617,628,,15:20,15:30,10,234522,235042,Regular,,,,,
618,629,,11:55,12:05,10,226056,234517,Regular,,,,,
608,630,,14:55,15:05,10,181304,192008,Regular,,,,,
783,631,1,13:20,13:30,10,726525,726700,Low,,mogaz,rfichman,,
784,632,2,9:15,9:25,10,726632,727000,Low,sample collected at SHR dock. Flood tide slow current,mogaz,rfichman,,
787,633,1,7:50,8:00,10,723454,726000,Low,,mogaz,rfichman,,
788,634,1,9:35,9:45,10,719365,723100,Low,,mogaz,rfichman,,
790,635,1,14:35,14:45,10,718080,719500,Low,,mogaz,rfichman,,
791,636,1,16:30,16:40,10,717991,718000,Low,Flowmeter did not spin properly - too few rotations,mogaz,rfichman,,
792,637,1,14:37,14:47,10,716989,718000,Low,,mogaz,rfichman,,
793,638,1,12:50,13:00,10,718423,719000,Low,,mogaz,rfichman,,
796,639,1,10:48,10:58,10,711680,715700,Low,,opatton,rfichman,,
797,640,1,9:07,9:17,10,708216,711608,Low,,opatton,rfichman,,
799,641,1,9:30,9:40,10,703795,708000,Low,jet boat used,opatton,rfichman,,
801,642,1,8:20,8:30,10,699425,703430,Low,low tide (motor used),opatton,rfichman,,
803,643,1,8:20,8:30,10,689000,694177,Low,,opatton,rfichman,,
804,644,1,8:08,8:18,10,690111,694000,Low,boat motor used,opatton,rfichman,,
805,645,1,9:22,9:32,10,684740,687000,Low,ebb tide sampled from screw trap,opatton,rfichman,,
806,646,1,8:35,8:45,10,680865,685000,Low,jet boat used,opatton,rfichman,,
809,647,1,10:20,10:30,10,677517,681000,Low,ebb tide from RSTR,opatton,rfichman,,
811,648,1,9:02,9:12,10,671725,677477,Low,From Jet Boat,opatton,rfichman,,
814,650,1,8:47,8:57,10,655366,660400,Low,,mogaz,rfichman,,
815,651,,8:55,9:05,10,660461,664000,Low,Ebb tide. John boat anchor used. Mycrocystis,mogaz,rfichman,,
816,652,1,10:55,11:05,10,664372,667000,Low,Ebb tide. Anchor used (no motor),mogaz,rfichman,,
817,653,1,8:00,8:10,10,666885,672000,Low,,mogaz,rfichman,,
819,654,1,8:45,8:55,10,645067,650300,Low,,mogaz,rfichman,,
820,655,1,10:23,10:33,10,650511,655000,Low,"flood tide, jet boat and motor used",mogaz,rfichman,,
774,656,1,9:45,9:55,10,740351,744000,Low,,mogaz,rfichman,,
,657,,,,,,,,,mogaz,,,
824,659,1,7:55,8:05,10,630351,635400,Low,,mogaz,rfichman,,
825,660,1,8:10,8:20,10,635412,640000,Low,"ebb tide but low current, jet boat used",mogaz,rfichman,,
826,661,1,9:23,9:33,10,616008,621000,Low,,mogaz,rfichman,,
827,662,1,9:15,9:25,10,612098,615900,Low,,mogaz,rfichman,,
828,663,1,9:57,10:07,10,606724,611000,Low,,mogaz,rfichman,,
829,664,1,9:43,9:53,10,603335,607000,Low,,mogaz,rfichman,,
830,665,1,9:35,9:45,10,595959,603000,Low,Jet boat motor used,mogaz,rfichman,,
831,666,1,9:40,9:50,10,592485,596000,Low,,mogaz,rfichman,,
832,667,1,9:23,9:33,10,586548,593000,Low,Motor used (Striker),Atung,rfichman,,
833,668,1,9:45,9:55,10,584988,586000,Low,Anchored,atung,rfichman,,
834,669,1,9:10,9:20,10,578796,585000,Low,BOAT/MOTOR,Atung,rfichman,,
835,670,1,9:15,9:25,10,575540,579000,Low,"Jon boat and anchor used, ebb tide",Atung,rfichman,,
836,671,1,8:42,8:52,10,570536,575000,Low,"Jet boat used, ebb",Atung,rfichman,,
837,672,1,8:23,8:33,10,567571,570000,Low,"Ebb tide, anchored",atung,rfichman,,
838,673,1,9:03,9:13,10,561737,567460,Low,,Atung,rfichman,,
839,674,1,9:35,9:45,10,557747,561700,Low,+1 SILVERSIDE RELEASED,Atung,rfichman,,
840,675,1,7:47,7:57,10,554127,560000,Low,FROM SHR HARBOR BOAT DOCK,Atung,rfichman,,
841,676,1,9:20,9:30,10,547546,554000,Low,,Atung,rfichman,,
842,677,1,9:16,9:26,10,544965,547500,Low,From the dock,Atung,rfichman,,
843,678,1,10:55,11:05,10,534900,538669,Low,"Anchored, very fast flow",Atung,rfichman,,
844,679,1,8:01,8:11,10,537985,539000,Low,very low flow from SHR boat dock,opatton,rfichman,,
845,680,1,7:48,7:58,10,536481,538000,Low,bottom of ebb tide from screw trap- slow current,opatton,rfichman,,
846,681,1,9:50,10:00,10,639990,644000,Low,"Ebb tide, anchored",mogaz,rfichman,,
847,682,1,10:12,10:22,10,626310,630000,Low,"Ebb tide, anchored",mogaz,rfichman,,
848,683,1,10:48,10:58,10,532404,536000,Low,Ebb sampled from STTD,opatton,rfichman,,
849,684,,9:30,9:40,10,527033,532000,Low,"Ebb, low flow, jet boat motor used",opatton,rfichman,,
850,685,1,9:44,9:54,10,522593,527000,Low,,opatton,rfichman,,
851,686,1,9:25,9:35,10,518680,522500,Low,,opatton,rfichman,,
852,687,1,9:32,9:42,10,512466,519000,Low,"ebb tide, off trap",opatton,rfichman,,
854,688,1,9:33,9:43,10,505286,512000,Low,,opatton,rfichman,,
855,689,1,9:30,9:40,10,500081,505000,Low,,opatton,rfichman,,
856,690,1,10:00,10:10,10,496087,500000,Low,,opatton,rfichman,,
857,691,2,11:32,11:42,10,488211,492300,Low,Condition code 2- All samples on flood tide,opatton,rfichman,,
858,692,1,9:02,9:12,10,479301,484000,Low,"Ebb tide, low current, motor used",opatton,rfichman,,
859,693,1,12:15,12:25,10,475008,480000,Low,,opatton,rfichman,,
860,694,1,9:46,9:56,10,377249,381600,Low,"Windy, ebb tide",opatton,rfichman,,
861,695,1,9:37,9:47,10,461561,466000,Low,jet boat used,opatton,rfichman,,
1054,696,1,9:17,9:27,10,445773,450000,Low,,opatton,rfichman,,
1056,697,1,9:25,9:35,10,450401,454000,Low,,opatton,rfichman,,
1070,698,1,8:32,8:42,10,441424,446000,Low,,opatton,rfichman,,
1071,699,1,8:24,8:34,10,439998,441000,Low,,opatton,rfichman,,
1074,700,1,9:29,9:39,10,988236,992000,Low,,opatton,rfichman,,
1076,701,1,8:57,9:07,10,991109,996000,Low,,opatton,rfichman,,
1078,702,1,9:37,9:47,10,986806,991100,Low,,opatton,rfichman,,
1079,703,1,8:35,8:45,10,983789,987000,Low,"Ebb tide, sample collected from the trap",opatton,rfichman,,
1080,704,1,8:53,9:03,10,977575,981000,Low,,opatton,rfichman,,
1081,705,1,8:06,8:16,10,976263,981000,Low,,opatton,rfichman,,
1084,706,1,8:43,8:53,10,969781,973000,Low,,opatton,mfarruggia,,
1085,707,1,9:05,9:15,10,965522,970000,Low,,mfarrugg,opatton,,
1090,708,1,10:54,11:04,10,952049,956500,Low,,mfarrugg,opatton,,
1091,709,1,8:55,9:05,10,967785,971000,Low,,mfarrugg,opatton,,
1093,710,1,8:35,8:45,10,964615,968000,Low,Ebb tide from the trap (no motor used),opatton,mfarruggia,,
1096,711,1,8:48,8:58,10,960809,964000,Low,Ebb tide from RSTR and anchored to shore,opatton,mfarruggia,,
1097,712,1,8:11,8:21,10,956380,960000,Low,,mfarrugg,opatton,,
1098,713,1,10:14,10:24,10,949676,954000,Low,,mfarrugg,opatton,,
1099,714,1,9:21,9:31,10,947651,952000,Low,jet motor used,mfarrugg,opatton,,
1101,715,1,10:45,10:55,10,943686,948000,Low,ebb- Anchored,opatton,mfarruggia,,
1112,716,1,10:00,10:10,10,945480,950000,Low,"High tide, jet boat motor used",opatton,mfarruggia,,
1113,717,1,10:12,10:22,10,953764,957000,Low,,opatton,mfarruggia,,
1114,718,1,9:13,9:23,10,932554,937000,Low,,mfarrugg,opatton,,
1120,719,1,10:03,10:13,10,928320,932600,Low,High (Not ebbing yet) Used the motor (Stryker),opatton,mfarruggia,,
1121,720,1,9:38,9:48,10,940729,945000,Low,,,opatton,,
1127,721,1,9:44,9:54,10,937154,941000,Low,,opatton,mfarruggia,,
1142,722,1,9:02,9:12,10,914128,918000,Low,,rfichman,sfogg,,
1143,723,1,10:00,10:10,10,910633,914000,Low,,rfichman,sfogg,,
1144,724,1,,,,,,,,,,,
1137,725,1,9:48,9:58,10,918049,921000,Low,,opatton,mfarruggia,,
1149,726,1,8:40,8:50,10,899843,903000,Low,,rfichman,sfogg,,
1152,727,1,8:44,8:54,10,895285,900000,Low,,jagundes,mfarruggia,,
1153,728,1,8:33,8:43,10,903327,910000,Low,,rfichman,sfogg,,
1157,729,1,8:45,8:55,10,892000,895000,Low,"ebb tide, anchored",jagundes,mfarruggia,,
1156,730,1,9:20,9:30,10,921539,928000,Low,,mfarrugg,opatton,,
1163,731,1,9:20,9:30,10,889446,892000,Low,,jagundes,mfarruggia,,
1164,732,1,10:36,10:46,10,883496,890000,Low,,jagundes,mfarruggia,,
1167,733,1,9:41,9:51,10,870419,874000,Low,,jagundes,mfarruggia,,
1168,734,1,9:37,9:47,10,859749,864000,Low,higher flow & Ebb tide. Samples collect from the screw trap,rfichman,sfogg,,
1169,735,1,13:02,13:12,10,856833,860000,Low,"sampled at boat dock, ebb tide",rfichman,sfogg,,
1172,736,1,8:42,8:52,10,864471,870000,Low,,jagundes,mfarruggia,,
1173,737,1,8:38,8:48,10,873453,877000,Low,,jagundes,mfarruggia,,
1174,738,1,8:26,8:36,10,876862,883000,Low,,jagundes,mfarruggia,,
,739,,,,,,,,,mfarrugg,,,
1175,740,1,8:57,9:07,10,838230,844000,Low,,rfichman,sfogg,,
1176,741,1,9:21,9:31,10,844097,848000,Low,,rfichman,sfogg,,
1179,742,1,10:07,10:17,10,852096,857000,Low,,rfichman,sfogg,,
1180,743,1,10:22,10:32,10,848192,852000,Low,,rfichman,sfogg,,
1181,744,1,10:36,10:41,5,69000,74672,Regular,,ashakya,cstuart,,
1182,745,1,8:14,8:19,5,65000,69048,Regular,,rfichman,sfogg,,
1184,746,1,8:11,8:16,5,59000,65127,Regular,,rfichman,sfogg,,
1185,747,1,8:50,8:55,5,15500,27924,Regular,,rfichman,sfogg,,
1187,748,1,9:42,9:52,10,936043,944000,Low,,rfichman,sfogg,,
1188,749,1,8:18,8:28,10,922674,928000,Low,,rfichman,sfogg,,
1189,750,1,8:40,8:50,10,941900,954818,Regular,Off dock,rfichman,sfogg,,
1191,751,1,9:45,9:50,5,0,15494,Regular,,rfichman,sfogg,,
1193,752,1,9:02,9:12,10,79000,90667,Regular,,ashakya,cstuart,,
1194,753,1,9:50,10:00,10,74800,78536,Regular,,ashakya,cstuart,,
1197,754,1,10:37,10:47,10,107000,109491,Regular,,ashakya,cstuart,,
1198,755,1,8:57,9:07,10,110000,117965,Regular,,ashakya,cstuart,,
,756,,,,,,,,,,,,
1203,757,1,8:20,8:30,10,149000,149618,Regular,,jjenkins,ashakya,,
1205,758,1,9:59,10:09,10,130000,137287,Regular,,jjenkins,cstuart,,
1206,759,1,9:00,9:10,10,150000,156657,Regular,,jjenkins,cstuart,,
1209,760,1,9:00,9:10,10,172000,178320,Regular,,jjenkins,cstuart,,
1210,761,1,8:57,9:07,10,865400,873422,Regular,"jet motor used, ebb tide",jjenkins,cstuart,,
1211,762,1,9:17,9:27,10,163000,172171,Regular,"ebb tide, jet motor used",jjenkins,ashakya,,
1215,763,1,8:25,8:35,10,873000,875821,Regular,,jjenkins,cstuart,,
1216,764,1,8:53,9:03,10,184000,194240,Regular,,jjenkins,cstuart,,
1219,765,1,8:33,8:43,10,211000,220989,Regular,motor used,jjenkins,cstuart,,
1220,766,1,8:35,8:45,10,195000,204123,Regular,,jjenkins,cstuart,,
1221,767,1,9:40,9:50,10,204000,206297,Regular,ebb tide from RSTR,jjenkins,cstuart,,
1227,768,1,10:35,10:45,10,221000,223830,Regular,EBB TIDE FROM THE TRAP,jjenkins,cstuart,,
1262,769,1,8:30,8:40,10,224000,240084,Regular,,jjenkins,cstuart,,
1264,770,1,10:02,10:12,10,240000,249037,Regular,,kmertz,prussell,,
1273,771,1,9:05,9:15,10,268000,285560,Regular,,kmertz,prussell,,
1274,772,1,8:24,8:34,10,249000,259711,Regular,,KM,prussell,,
1289,773,1,9:41,9:51,10,260000,268058,Regular,,kmertz,prussell,,
1293,774,1,10:30,10:40,10,285000,291037,Regular,,KM,prussell,,
1296,775,1,10:20,10:30,10,306697,310000,Low,,KM,prussell,,
1306,776,1,8:35,8:45,10,291000,309925,Regular,EBB TIDE-MOTOR USED,KM,prussell,,
1310,777,1,11:38,11:48,10,288825,292000,Low,Ebb tide from RSTR,kmertz,prussell,,
1311,778,1,9:28,9:38,10,291982,297000,Low,,kmertz,prussell,,
1332,779,1,11:44,11:54,10,286374,289000,Low,ebb tide from RSTR,KM,prussell,,
1333,780,1,10:27,10:37,10,281951,286000,Low,motor boat used,kmertz,prussell,,
1341,781,1,10:33,10:43,10,275175,279000,Low,MOTOR BOAT USED,kmertz,prussell,,
1340,782,1,9:51,10:01,10,296777,300000,Low,No microcystis,KM,prussell,,
1342,783,1,9:16,9:26,10,278709,282000,Low,,kmertz,prussell,,
1348,784,1,8:30,8:40,10,300315,307000,Low,,KM,prussell,,
1349,785,1,10:18,10:28,10,254121,259000,Low,ebb tide; jet boat used,kmertz,prussell,,
1350,786,1,9:29,9:39,10,258710,260000,Low,Lots of brown-looking algae,KM,prussell,,
1353,787,1,9:50,10:00,10,259154,264000,Low,flooding. Jet boat used,KM,prussell,,
1355,788,1,9:15,9:25,10,263969,267000,Low,ebb tide from screw trap,KM,prussell,,
1356,789,1,10:20,10:30,10,267151,272000,Low,boat motor used,kmertz,prussell,,
1357,790,1,9:28,9:38,10,272006,275000,Low,ebb tide from screw trap,KM,prussell,,
1359,791,1,9:18,9:28,10,250720,254000,Low,Ebb tide anchored,aneely,ashakya,,
1361,792,1,8:31,8:41,10,246006,250000,Low,High flow by SHR harbor dock,aneely,ashakya,,
1363,793,1,8:16,8:26,10,246000,258119,Regular,,aneely,ashakya,,
1365,794,1,13:37,13:42,5,260000,274039,Regular,"Overtopping, high flow samples collected from RSTR, shortened set time due to debris.",aneely,ashakya,,
1367,795,1,10:00,10:10,10,274000,289391,Regular,High flow - sampled from the screw trap,aneely,ashakya,,
1368,796,1,8:13,8:23,10,289000,295596,Regular,,aneely,ashakya,,
1369,797,1,9:43,9:53,5,296000,303539,Regular,,SF,jfrantzich,,
1371,798,1,10:52,10:57,5,304000,305585,Regular,sampled from the edge due to high flow and debris,sf,jfrantzich,,
1373,799,1,11:39,11:42,3,340000,349574,Regular,,SF,jfrantzich,,
1374,800,1,9:45,9:50,5,349000,354262,Regular,,SF,jfrantzich,,
1376,801,1,9:20,9:25,5,354000,370484,Regular,,SF,jfrantzich,,
1377,802,1,10:10,10:15,5,410000,426888,Regular,,SF,jfrantzich,,
1378,803,1,11:03,11:08,5,427000,442586,Regular,,SF,jfrantzich,,
1380,804,1,9:02,9:07,5,442000,448580,Regular,,SF,jfrantzich,,
1381,805,1,11:50,11:55,5,500000,512780,Regular,high flow,SF,jfrantzich,,
1382,806,1,9:30,9:33,3,525000,532648,Regular,"too much surface debris, had to redo and set for only 3 mins",SF,jfrantzich,,
1384,807,1,8:08,8:13,5,530000,536200,Regular,from sherwood boat dock,SF,jfrantzich,,
1385,808,1,8:10,8:15,5,580000,586545,Regular,,SF,jfrantzich,,
1386,809,1,10:12,10:17,5,600000,617469,Regular,,SF,jfrantzich,,
1390,810,1,9:40,9:45,5,620000,638965,Regular,,SF,jfrantzich,,
1392,811,3,10:45,10:46,3,644000,647793,Regular,Stopped set at 1 minute due to debris overload,SF,jfrantzich,,
1393,812,1,11:00,11:05,5,638990,644309,Regular,,SF,jfrantzich,,
1395,813,1,9:48,9:53,5,675000,688050,Regular,,SF,jfrantzich,,
1396,814,1,8:49,8:54,5,670000,675314,Regular,,SF,jfrantzich,,
1397,815,1,9:28,9:33,5,660000,671255,Regular,,SF,jfrantzich,,
1398,816,1,10:25,10:30,5,737000,750854,Regular,,SF,jfrantzich,,
1400,817,1,10:08,10:13,5,731000,736557,Regular,,SF,jfrantzich,,
1401,818,1,10:01,10:05,4,719800,731247,Regular,,jfrantzich,jfrantzich,,
1402,819,1,8:50,8:55,5,713360,719779,Regular,,SF,jfrantzich,,
1404,820,1,9:40,9:45,5,700000,713278,Regular,,SF,jfrantzich,,
1405,821,1,10:16,10:19,3,690000,699540,Regular,,SF,jfrantzich,,
1407,822,1,8:15,8:25,10,801000,805736,Regular,,SF,jfrantzich,,
1408,823,1,10:50,11:00,10,794000,800958,Regular,,SF,jfrantzich,,
1410,824,1,8:21,8:31,10,788000,793511,Regular,,SF,jfrantzich,,
1412,825,1,11:30,11:40,10,782000,788147,Regular,Ebb tide stationally from RSTR,SF,jfrantzich,,
1414,826,,10:20,10:30,10,766000,771886,Regular,Ebb tide,SF,jfrantzich,,
1415,827,1,7:50,8:00,10,771888,781894,Regular,,SF,jfrantzich,,
1416,828,1,10:42,10:52,10,750000,765993,Regular,,SF,jfrantzich,,
1419,829,1,9:15,9:25,10,804000,805400,Low,,SF,jfrantzich,,
1421,830,1,8:52,9:02,10,798042,800110,Low,,ashakya,,,
1422,831,1,8:58,9:08,10,790179,795000,Low,,ashakya,,,
1423,832,,,,,,,,Lost Coden,,,,
1424,833,1,9:40,9:50,10,782232,789000,Low,,ashakya,,,
1428,834,1,15:01,15:06,5,323190,329524,Regular,,aneely,ashakya,,
1429,835,1,14:22,14:27,5,317226,323185,Regular,,aneely,ashakya,,
1430,836,1,13:45,13:50,5,311170,317224,Regular,,aneely,ashakya,,
1431,837,1,13:00,13:05,5,305790,311174,Regular,,aneely,,,
1432,838,1,12:25,12:30,5,384100,390677,Regular,,aneely,,,
1433,839,,11:54,11:59,5,376690,384075,Regular,,aneely,ashakya,,
1434,840,,11:25,11:30,5,370500,376696,Regular,,aneely,,,
1435,841,,12:56,,,390700,398469,Regular,,aneely,,,
1437,842,,12:18,12:23,5,403442,408446,Regular,,aneely,ashakya,,
1438,843,1,11:32,11:37,5,398745,403430,Regular,,aneely,ashakya,,
1439,844,,10:40,10:45,5,398450,398745,Regular,,aneely,ashakya,,
1440,845,1,14:30,14:35,5,468268,475195,Regular,,aneely,ashakya,,
1441,846,,13:54,13:59,5,463147,468267,Regular,,aneely,ashakya,,
1442,847,1,13:15,13:20,5,455304,463150,Regular,,aneely,ashakya,,
1443,848,1,12:38,12:43,5,448589,455307,Regular,,aneely,ashakya,,
1444,849,,11:54,11:59,5,494042,498764,Regular,,aneely,,,
1445,850,,11:26,11:31,5,487911,494044,Regular,,aneely,,,
1446,851,1,10:56,11:01,5,481686,487911,Regular,,aneely,,,
1447,852,1,10:31,10:36,5,475188,481684,Regular,,aneely,,,
1448,853,1,12:33,12:38,5,555532,561741,Regular,,aneely,,,
1449,854,1,12:00,12:05,5,548934,555528,Regular,,aneely,,,
1450,855,1,11:20,11:25,5,543214,548537,Regular,,aneely,,,
1451,856,1,10:43,10:48,5,536233,543213,Regular,,aneely,acasby,,
1452,857,1,12:35,12:40,5,574398,580722,Regular,,aneely,acasby,,
1453,858,1,12:02,12:07,5,568750,574393,Regular,,aneely,,,
1454,859,,11:13,11:18,5,561750,568754,Regular,,aneely,,,
1455,860,1,12:15,12:20,5,655089,658413,Regular,,aneely,,,
1456,861,1,11:42,11:47,5,651802,655083,Regular,,aneely,,,
1457,862,1,11:00,11:05,5,647835,651799,Regular,,aneely,,,
1464,863,1,11:00,11:10,10,764726,768000,Low,,ashakya,jjenkins,,
1468,864,1,10:17,10:27,10,767975,774444,Low,,ashakya,,,
1477,865,1,11:46,11:56,10,774677,778000,Low,,,,,
1489,866,1,11:15,11:25,10,778558,782300,Low,,ashakya,jjenkins,,
1499,867,1,10:38,10:43,5,788862,790000,Low,,ashakya,jjenkins,,
1511,868,1,10:10,10:20,10,795178,798000,Low,,ashakya,jjenkins,,
1517,869,1,10:23,10:33,10,756763,759739,Low,,ashakya,jjenkins,,
1518,870,1,9:45,9:55,10,759839,765000,Low,,ashakya,,,
1520,871,1,10:00,10:10,10,752042,757000,Low,,ashakya,,,
1522,872,1,10:10,10:20,10,749907,752000,Low,,ashakya,jjenkins,,
1523,873,1,9:50,10:00,10,744829,750000,Low,,ashakya,,,
1526,874,1,10:17,10:27,10,741710,744744,Low,,ashakya,jjenkins,,
1528,875,1,9:40,9:50,10,737450,742000,Low,,ashakya,,,
1530,876,1,9:29,9:39,10,734219,737000,Low,"Ebb tide, sample collected from screw trap",ashakya,jjenkins,,
1531,877,1,9:20,9:30,10,729690,734000,Low,jet boat,ashakya,,,
1533,878,1,9:10,9:20,10,728025,730000,Low,Ebb tide from the screw trap,ashakya,jjenkins,,
1537,879,1,9:35,9:45,10,723372,728000,Low,jet motor used,,,,
1539,880,1,9:07,9:17,10,720771,723000,Low,slack tide - used Jon boat w/ motor,ashakya,jjenkins,,
464,881,1,8:47,8:57,10,26415,33227,Regular,,jfrantzich,acasby,,
589,882,1,8:03,8:13,10,934665,938600,Low,,jfrantzich,jfrantzich,,
1541,883,1,9:50,10:00,10,717707,720000,Low,Ebb tide - used jon boat motor,ashakya,jjenkins,,
1542,884,1,9:28,9:38,10,713563,718000,Low,,ashakya,,,
1543,885,1,10:00,10:10,10,709419,713956,Low,,ashakya,,,
1545,886,1,10:10,10:20,10,706701,710000,Low,"ebb tide, anchored",ashakya,jjenkins,,
1546,887,1,9:25,9:35,10,700961,705000,Low,,,,,
1547,888,1,11:15,11:25,10,705392,707000,Low,500mm net,tjarrell,,,
1549,889,1,9:30,9:40,10,692251,697000,Low,,tjarrell,,,
1551,890,1,10:25,10:35,10,697095,700000,Low,Ebb tide collected from rotary screw trap,tjarrell,,,
1552,891,1,10:24,10:34,10,670428,673000,Low,,tjarrell,,,
1554,892,1,9:42,9:52,10,672962,677781,Low,,tjarrell,,,
1556,893,1,10:09,10:19,10,690602,693000,Low,low tide - sampled from screw trap,tjarrell,,,
1557,894,1,9:32,9:42,10,684407,690000,Low,,tjarrell,,,
1558,895,,9:15,9:25,10,682174,684000,Low,ebb tide - collected from screw trap,tjarrell,,,
1560,896,1,9:22,9:32,10,677758,682200,Low,,tjarrell,,,
1561,897,1,9:55,10:05,10,663130,665000,Low,Ebb tide sampled from RSTR,tjarrell,,,
1563,898,1,9:40,9:50,10,664866,670000,Low,,tjarrell,,,
1564,899,1,9:35,9:45,10,659622,663000,Low,ebb tide collected from the screw trap,tjarrell,,,
1565,900,1,8:59,9:09,10,655580,659000,Low,,acasby,,,
1567,901,1,10:50,11:00,10,803125,804000,Low,,,,,
1569,902,1,12:35,12:45,10,800150,803000,Low,Ebb from STTD,ashakya,jjenkins,,
1571,903,1,8:58,9:08,10,660000,670042,Regular,,acasby,,,
1572,904,2,11:32,11:37,5,656000,660722,Regular,lots of debris (might have lost sample when sorting),tjarrell,,,
1576,905,1,10:00,10:10,10,670000,679837,Regular,,tjarrell,,,
1577,906,1,9:55,10:05,10,677680,680000,Low,ebb tide,tjarrell,,,
1583,907,1,9:40,9:50,10,674087,678000,Low,,tjarrell,,,
1585,908,1,9:40,9:50,10,669385,674000,Low,,tjarrell,,,
1599,909,,,,,,,,,,,,
1607,910,1,9:28,9:38,10,666718,669000,Low,,tjarrell,,,
1608,911,1,9:50,10:00,10,662742,666720,Low,,tjarrell,,,
1610,912,1,9:17,9:27,10,658565,663000,Low,,tjarrell,,,
1611,913,1,11:44,11:54,10,655864,658600,Low,,tjarrell,,,
1612,914,1,9:10,9:20,10,648494,653000,Low,,tjarrell,,,
1613,915,1,10:09,10:19,10,653170,656000,Low,,,,,
1616,916,1,9:53,10:03,10,645444,648000,Low,,,,,
1617,917,1,9:03,9:13,10,641189,646000,Low,,acasby,,,
1624,918,1,9:15,9:25,10,632321,637000,Low,Jet boat motor used,,,,
1625,919,1,11:32,11:37,10,637411,641000,Low,Start and end times do not add up to 10 minute set time? -AS,,,,
1640,920,1,13:43,13:53,10,620567,627000,Low,,,,,
1646,921,1,9:43,9:53,10,627312,632000,Low,,tjarrell,,,
1665,922,1,9:05,9:15,10,608975,615000,Low,,tjarrell,,,
1667,923,1,14:35,14:45,10,614864,620530,Low,Contents sloshed slightly with lid off - did not appear to lose any of the sample.,acasby,,,
1687,924,1,14:38,14:48,10,602972,609000,Low,,acasby,,,
1693,925,1,9:05,9:15,10,594939,603000,Low,lots of leaves/debris in sample,tjarrell,,,
1717,926,1,11:31,11:41,10,588167,594927,Low,,,,,
1725,927,1,10:32,10:42,10,567878,573900,Low,,tjarrell,,,
1727,928,1,14:31,14:41,10,581200,573926,Low,,acasby,,,
1721,929,1,10:25,10:35,10,581223,588100,Low,,tjarrell,,,
1759,930,1,11:54,12:04,10,561432,567874,Low,,,,,
,931,,,,,,,,,BD,BD,,
1784,933,1,9:24,9:34,10,556846,561410,Low,,tjarrell,,,
1785,934,1,9:42,9:52,10,537899,542000,Low,,,,,
1787,935,1,9:52,10:02,10,542152,545000,Low,,,,,
1789,936,1,9:30,9:40,10,529155,535000,Low,"high debris, split field sample into two bottles",,,,
1790,937,1,10:35,10:45,10,534652,538000,Low,,,,,
,938,,,,,,,,,,,,
1819,939,1,10:46,10:56,10,549502,556810,Low,Lots of leaves and green algae in sample,,,,
1829,940,1,10:30,10:40,10,518148,526000,Low,,,,,
1830,941,1,11:12,11:22,10,526219,529157,Low,,,,,
1832,942,1,10:42,10:52,10,514638,518000,Low,,,,,
1833,943,1,11:00,11:10,10,509955,515000,Low,,,,,
1834,944,1,9:20,9:30,10,499472,505000,Low,sampled closer to East shore due to wind pushing us towards dock/boats.,,,,
1836,945,1,10:00,10:10,10,505043,510000,Low,,,,,
1837,946,1,9:50,10:00,10,524000,536626,Regular,,acasby,,,
1838,947,1,12:10,12:20,10,499500,523900,Regular,,acasby,,,
1840,948,1,9:25,9:30,5,666000,672884,Regular,,acasby,,,
1841,949,1,12:05,12:10,5,651320,665872,Regular,,acasby,,,
1843,950,1,9:30,9:35,5,580000,586868,Regular,cut set time in half due to silt and debris,acasby,,,
1844,951,1,10:22,10:27,5,564400,579600,Regular,,acasby,,,
1847,952,1,8:52,8:57,5,645550,651728,Regular,,acasby,,,
1848,953,1,11:10,11:15,5,627000,645550,Regular,5 minute tow due to the high flow,acasby,,,
1849,954,1,9:24,9:34,10,536602,544803,,,acasby,,,
1850,955,1,10:30,10:40,10,545000,564169,Regular,,acasby,,,
1852,956,1,9:59,10:04,5,673000,690162,Regular,,acasby,,,
1854,957,1,9:00,9:10,10,690000,701885,Regular,,acasby,,,
1856,958,1,10:00,10:05,5,702400,719000,Regular,"High flow, 5 min set",acasby,,,
1857,959,1,9:05,9:15,10,719000,730202,Regular,net may have been in an eddy. Sampled from dock.,acasby,,,
1859,960,2,10:25,10:30,5,730000,748022,Regular,"good amount of debris, some of sample may have fallen out when transfering to nalgene",acasby,,,
1860,961,1,9:25,9:35,10,748000,759357,Regular,,acasby,,,
1862,962,2,9:56,9:57,1,776110,779567,Regular,debris too heavy for 5 min tow (clogged excessively),acasby,,,
1863,963,1,9:10,9:20,10,779000,789796,Regular,,acasby,,,
1864,964,1,11:06,11:11,5,790000,807200,Regular,"a lot of debris stuck in cod end, cut down set time due to current and debris",acasby,,,
1866,965,1,9:13,9:18,5,807000,813059,Regular,,acasby,,,
1868,966,1,9:10,9:20,10,826000,839069,Regular,,,,,
1872,967,1,9:58,10:03,5,813200,826343,Regular,,,,,
1874,968,1,9:53,10:03,10,835182,839100,Low,,,,,
1875,969,1,10:13,10:23,10,831652,835100,Low,,,,,
1876,970,1,10:10,10:20,10,825767,831600,Low,,,,,
1878,971,1,9:59,10:09,10,820919,825500,Low,,,,,
1879,972,1,9:22,9:32,10,815646,820900,Low,,,,,
1881,973,1,9:11,9:16,5,799834,805654,Low,,,,,
1827,974,1,9:43,9:53,10,545320,549400,Low,,,,,
1882,975,1,9:56,10:06,10,778777,784800,Low,,,,,
1883,976,1,9:27,9:37,10,784614,788700,Low,,,,,
1885,977,1,10:15,10:25,10,795078,799516,Low,,,,,
1886,978,1,9:36,9:46,10,795100,788767,Low,,,,,
1888,979,1,9:23,9:33,10,774805,778700,Low,,,,,
1890,980,1,9:40,9:50,10,768991,775000,Low,,,,,
1896,981,1,9:14,9:24,10,763355,768986,Low,,,,,
1901,982,1,12:39,12:49,10,756898,763009,Low,,,,,
1902,983,1,,,,,,,,,,,
1907,984,1,10:00,10:10,10,750191,756904,Low,,,,,
1920,985,1,12:20,12:30,10,746989,750100,Low,,,,,
1929,986,1,12:02,12:12,10,742987,747000,Low,,,,,
1934,987,1,9:45,9:55,10,737380,743000,Low,,,,,
1940,988,1,9:40,9:50,10,730397,737200,Low,,,,,
1949,989,1,11:59,12:09,10,726341,730320,Low,,,,,
1955,990,1,9:23,9:33,10,720280,726278,Low,,,,,
1969,991,1,11:33,11:43,10,717329,720000,Low,,,,,
1951,992,,,,,,,,Depth 4: Measurements taken as far down as possbile,,,,
1972,993,1,9:57,10:07,10,711131,717000,Low,,,,,
1980,994,1,12:03,12:08,5,710085,711137,Low,A lot of debris; shortened tow to 5 minutes,,,,
1986,995,1,9:08,9:18,10,702718,709800,Low,,,,,
1987,996,1,10:20,10:30,10,699569,702700,Low,,,,,
1990,997,1,9:36,9:46,10,692438,700000,Low,,,,,
1993,999,1,10:31,10:41,10,687610,692400,Low,,,,,
1994,1000,1,9:57,10:07,10,679194,682000,Low,,,,,
1996,1001,1,9:35,9:45,10,681803,687600,Low,,,,,
1997,1002,1,10:30,10:40,10,676920,679200,Low,,,,,
1999,1003,1,9:10,9:20,10,670931,676910,Low,,,,,
2001,1004,1,10:15,10:25,10,667660,670700,Low,,,,,
2003,1005,1,9:40,9:50,10,661429,667400,Low,,,,,
2005,1007,1,9:27,9:37,10,651416,656300,Low,,,,,
2007,1008,1,9:30,9:40,10,639930,646000,Low,,,,,
2009,1009,1,9:41,9:51,10,646110,650000,Low,,,,,
2010,1010,1,10:19,10:29,10,656369,660000,,"Flood tide, motor used facing upstream with tide",,,,
